Collision Date,Collision Time Range,Injury Type,Latitude,Longitude,Modes,MoIntersectionLat,MoIntersectionLong,MoIntersection
2016-03-09,,Minor,49.2901,-123.1376,Cyl-Unk,49.297734,-123.1336658,Stanley Park - Information Booth
2016-02-14,,Minor,49.2905,-123.1339,Single Cyl,49.297734,-123.1336658,Stanley Park - Information Booth
2013-08-04,15:00-17:59,Minor,49.2912,-123.1328,Cyl-Unk,49.297734,-123.1336658,Stanley Park - Information Booth
2015-06-08,18:00-20:59,Minor,49.2915,-123.1354,Cyl-Ped,49.297734,-123.1336658,Stanley Park - Information Booth
2013-07-03,12:00-14:59,Minor,49.2917,-123.1336,Cyl-Unk,49.297734,-123.1336658,Stanley Park - Information Booth
2015-01-06,6:00-8:59,Minor,49.2926,-123.1337,Cyl-Ped,49.297734,-123.1336658,Stanley Park - Information Booth
2016-06-14,12:00-14:59,Minor,49.2936,-123.1366,Cyl-Unk,49.297734,-123.1336658,Stanley Park - Information Booth
2016-07-10,9:00-11:59,Minor,49.2941,-123.136,Cyl-Cyl,49.297734,-123.1336658,Stanley Park - Information Booth
2015-07-17,9:00-11:59,Minor,49.2876,-123.1162,Cyl-Unk,49.2883424,-123.1201049,Shaw Tower
2015-10-13,,Minor,49.2877,-123.1275,Single Cyl,49.2883424,-123.1201049,Shaw Tower
2015-12-24,0:00-2:59,Minor,49.2886,-123.1262,Single Cyl,49.2883424,-123.1201049,Shaw Tower
2017-07-06,,Minor,49.289,-123.1282,Single Cyl,49.2883424,-123.1201049,Shaw Tower
2013-04-30,18:00-20:59,Minor,49.29,-123.1268,Cyl-Cyl,49.2883424,-123.1201049,Shaw Tower
2017-07-04,9:00-11:59,Minor,49.286,-123.127,Single Cyl,49.2878679,-123.1264016,Melville & Bute
2014-04-25,,Minor,49.2846,-123.1248,Single Cyl,49.2861686,-123.1253153,Georgia & Thurlow
2013-07-23,,Minor,49.2866,-123.1178,Single Cyl,49.285932,-123.116816,Hornby & Pender
2013-07-27,,Minor,49.2861,-123.1186,Cyl-Unk,49.285646,-123.120182,Burrard Station
2016-10-02,18:00-20:59,Minor,49.283,-123.1154,Cyl-Unk,49.2846112,-123.110857,Cambie & Water
2014-12-10,18:00-20:59,Minor,49.2823,-123.0996,Cyl-Ped,49.2844243,-123.0968562,Alexander & Railway
2017-07-01,,Minor,49.2832,-123.0996,Single Cyl,49.2844243,-123.0968562,Alexander & Railway
2014-09-12,,Severe,49.2832,-123.0996,Single Cyl,49.2844243,-123.0968562,Alexander & Railway
2014-02-27,12:00-14:59,Minor,49.2836,-123.0995,Cyl-Ped,49.2844243,-123.0968562,Alexander & Railway
2015-10-14,,Minor,49.2841,-123.0995,Cyl-Ped,49.2844243,-123.0968562,Alexander & Railway
2014-10-18,,Minor,49.2838,-123.1201,Cyl-Ped,49.2832385,-123.1220859,Vancouver Art Gallery - North Plaza
2014-03-08,18:00-20:59,Minor,49.284,-123.1119,Single Cyl,49.281494,-123.1065289,Carrall & Hastings
2017-08-26,,Minor,49.2807,-123.117,Single Cyl,49.2800903,-123.120051,Richards & Robson
2013-11-22,9:00-11:59,Minor,49.2822,-123.1244,Cyl-Cyl,49.2800903,-123.120051,Richards & Robson
2017-05-04,,Minor,49.2824,-123.1144,Cyl-Ped,49.2800903,-123.120051,Richards & Robson
2016-04-08,15:00-17:59,Minor,49.2826,-123.1218,Single Cyl,49.2800903,-123.120051,Richards & Robson
2015-12-16,6:00-8:59,Minor,49.2776,-123.0728,Cyl-Cyl,49.2775725,-123.0726765,Commercial & Adanac
2015-08-13,18:00-20:59,Minor,49.2776,-123.0728,Single Cyl,49.2775725,-123.0726765,Commercial & Adanac
2016-08-19,12:00-14:59,Severe,49.2811,-123.0546,Cyl-Cyl,49.2775725,-123.0726765,Commercial & Adanac
2017-06-21,,Minor,49.2812,-123.0704,Cyl-Unk,49.2775725,-123.0726765,Commercial & Adanac
2016-07-08,15:00-17:59,Minor,49.2812,-123.0704,Cyl-Unk,49.2775725,-123.0726765,Commercial & Adanac
2016-05-07,15:00-17:59,Minor,49.2822,-123.0704,Cyl-Cyl,49.2775725,-123.0726765,Commercial & Adanac
2013-08-05,18:00-20:59,Minor,49.283,-123.0556,Cyl-Unk,49.2775725,-123.0726765,Commercial & Adanac
2013-08-01,,Minor,49.2834,-123.0733,Cyl-Ped,49.2775725,-123.0726765,Commercial & Adanac
2015-06-18,18:00-20:59,Minor,49.2838,-123.0703,Single Cyl,49.2775725,-123.0726765,Commercial & Adanac
2013-09-26,,Minor,49.2848,-123.0587,Cyl-Unk,49.2775725,-123.0726765,Commercial & Adanac
2014-09-02,15:00-17:59,Minor,49.279,-123.1333,Single Cyl,49.2773875,-123.1319745,Drake & Hornby
2014-09-30,,Minor,49.2791,-123.1292,Single Cyl,49.2773875,-123.1319745,Drake & Hornby
2013-09-04,12:00-14:59,Minor,49.2799,-123.124,Single Cyl,49.2773875,-123.1319745,Drake & Hornby
2016-05-29,6:00-8:59,Minor,49.2805,-123.125,Cyl-Ped,49.2773875,-123.1319745,Drake & Hornby
2015-05-23,12:00-14:59,Minor,49.2805,-123.125,Cyl-Unk,49.2773875,-123.1319745,Drake & Hornby
2015-08-12,6:00-8:59,Minor,49.2814,-123.1371,Cyl-Unk,49.2773875,-123.1319745,Drake & Hornby
2017-03-09,9:00-11:59,Severe,49.2816,-123.1395,Cyl-Cyl,49.2773875,-123.1319745,Drake & Hornby
2016-12-05,,Minor,49.2816,-123.1395,Single Cyl,49.2773875,-123.1319745,Drake & Hornby
2016-07-09,12:00-14:59,Minor,49.2818,-123.1334,Single Cyl,49.2773875,-123.1319745,Drake & Hornby
2015-06-17,18:00-20:59,Minor,49.2826,-123.1098,Single Cyl,49.2763069,-123.1086987,Carrall & Seawall
2017-04-29,0:00-2:59,Minor,49.2758,-123.0547,Cyl-Unk,49.274998,-123.0716344,Napier & Commercial
2015-05-05,21:00-23:59,Severe,49.2766,-123.0684,Cyl-Cyl,49.274998,-123.0716344,Napier & Commercial
2013-04-24,21:00-23:59,Minor,49.2767,-123.0705,Single Cyl,49.274998,-123.0716344,Napier & Commercial
2015-03-26,6:00-8:59,Minor,49.2775,-123.067,Cyl-Cyl,49.274998,-123.0716344,Napier & Commercial
2015-07-31,,Minor,49.2775,-123.0656,Single Cyl,49.274998,-123.0716344,Napier & Commercial
2013-08-21,9:00-11:59,Severe,49.2776,-123.0705,Cyl-Cyl,49.274998,-123.0716344,Napier & Commercial
2015-10-11,12:00-14:59,Severe,49.2802,-123.0566,Cyl-Unk,49.274998,-123.0716344,Napier & Commercial
2014-09-12,0:00-2:59,Minor,49.2802,-123.0669,Single Cyl,49.274998,-123.0716344,Napier & Commercial
2016-03-21,,Minor,49.281,-123.0813,Single Cyl,49.274998,-123.0716344,Napier & Commercial
2017-05-22,,Minor,49.2812,-123.0656,Single Cyl,49.274998,-123.0716344,Napier & Commercial
2014-03-27,9:00-11:59,Minor,49.283,-123.0646,Cyl-Unk,49.274998,-123.0716344,Napier & Commercial
2016-07-27,18:00-20:59,Minor,49.2839,-123.0597,Single Cyl,49.274998,-123.0716344,Napier & Commercial
2015-05-24,,Minor,49.2839,-123.0636,Single Cyl,49.274998,-123.0716344,Napier & Commercial
2013-04-17,6:00-8:59,Minor,49.2848,-123.0616,Cyl-Unk,49.274998,-123.0716344,Napier & Commercial
2017-12-03,0:00-2:59,Minor,49.2768,-123.0998,Cyl-Unk,49.2745498,-123.1007081,Station & National
2015-06-25,12:00-14:59,Minor,49.2768,-123.0998,Single Cyl,49.2745498,-123.1007081,Station & National
2015-03-19,0:00-2:59,Minor,49.2768,-123.0998,Single Cyl,49.2745498,-123.1007081,Station & National
2016-08-06,,Severe,49.2774,-123.1132,Single Cyl,49.2745498,-123.1007081,Station & National
2016-05-28,12:00-14:59,Minor,49.2777,-123.0998,Single Cyl,49.2745498,-123.1007081,Station & National
2014-04-29,15:00-17:59,Minor,49.2781,-123.1061,Cyl-Cyl,49.2745498,-123.1007081,Station & National
2014-06-30,18:00-20:59,Severe,49.2785,-123.0971,Cyl-Cyl,49.2745498,-123.1007081,Station & National
2014-09-16,,Severe,49.2786,-123.0998,Single Cyl,49.2745498,-123.1007081,Station & National
2017-07-03,,Minor,49.2795,-123.0997,Single Cyl,49.2745498,-123.1007081,Station & National
2016-11-18,9:00-11:59,Minor,49.2795,-123.0997,Cyl-Cyl,49.2745498,-123.1007081,Station & National
2015-09-15,,Severe,49.2797,-123.1076,Cyl-Cyl,49.2745498,-123.1007081,Station & National
2015-07-11,,Minor,49.2797,-123.1076,Single Cyl,49.2745498,-123.1007081,Station & National
2014-09-13,3:00-5:59,Minor,49.2797,-123.1076,Single Cyl,49.2745498,-123.1007081,Station & National
2015-04-15,,Minor,49.2799,-123.1106,Single Cyl,49.2745498,-123.1007081,Station & National
2014-07-07,21:00-23:59,Minor,49.2799,-123.1106,Cyl-Unk,49.2745498,-123.1007081,Station & National
2013-07-11,,Minor,49.2799,-123.1106,Single Cyl,49.2745498,-123.1007081,Station & National
2017-07-29,21:00-23:59,Minor,49.2803,-123.0973,Single Cyl,49.2745498,-123.1007081,Station & National
2015-06-13,9:00-11:59,Severe,49.2804,-123.1023,Cyl-Cyl,49.2745498,-123.1007081,Station & National
2017-03-17,18:00-20:59,Minor,49.2809,-123.1023,Single Cyl,49.2745498,-123.1007081,Station & National
2016-08-14,15:00-17:59,Minor,49.2811,-123.1076,Single Cyl,49.2745498,-123.1007081,Station & National
2014-06-07,15:00-17:59,Minor,49.2812,-123.1085,Cyl-Unk,49.2745498,-123.1007081,Station & National
2013-08-19,18:00-20:59,Minor,49.2813,-123.0964,Single Cyl,49.2745498,-123.1007081,Station & National
2013-07-21,18:00-20:59,Minor,49.2814,-123.1023,Single Cyl,49.2745498,-123.1007081,Station & National
2016-06-18,12:00-14:59,Severe,49.2823,-123.1022,Single Cyl,49.2745498,-123.1007081,Station & National
2016-05-30,,Severe,49.2757,-123.1304,Single Cyl,49.2745484,-123.116029,Britannia Parking Lot
2014-10-12,0:00-2:59,Minor,49.2759,-123.1242,Cyl-Unk,49.2745484,-123.116029,Britannia Parking Lot
2017-08-27,,Minor,49.2761,-123.1181,Cyl-Cyl,49.2745484,-123.116029,Britannia Parking Lot
2016-08-12,12:00-14:59,Severe,49.2765,-123.1252,Cyl-Unk,49.2745484,-123.116029,Britannia Parking Lot
2016-04-20,9:00-11:59,Minor,49.2765,-123.1252,Single Cyl,49.2745484,-123.116029,Britannia Parking Lot
2017-09-29,0:00-2:59,Minor,49.277,-123.1195,Cyl-Cyl,49.2745484,-123.116029,Britannia Parking Lot
2014-09-23,9:00-11:59,Minor,49.2772,-123.1262,Cyl-Cyl,49.2745484,-123.116029,Britannia Parking Lot
2013-08-04,21:00-23:59,Minor,49.278,-123.1211,Single Cyl,49.2745484,-123.116029,Britannia Parking Lot
2014-01-06,12:00-14:59,Severe,49.2784,-123.1282,Cyl-Ped,49.2745484,-123.116029,Britannia Parking Lot
2015-05-02,9:00-11:59,Minor,49.2786,-123.122,Cyl-Unk,49.2745484,-123.116029,Britannia Parking Lot
2014-08-02,12:00-14:59,Minor,49.2789,-123.1177,Single Cyl,49.2745484,-123.116029,Britannia Parking Lot
2017-02-25,15:00-17:59,Minor,49.279,-123.1195,Single Cyl,49.2745484,-123.116029,Britannia Parking Lot
2016-11-21,,Minor,49.2793,-123.1132,Cyl-Unk,49.2745484,-123.116029,Britannia Parking Lot
2017-08-24,18:00-20:59,Minor,49.2801,-123.1179,Single Cyl,49.2745484,-123.116029,Britannia Parking Lot
2016-03-18,12:00-14:59,Severe,49.2725,-123.1526,Single Cyl,49.2724775,-123.149987,Cypress & Cornwall
2014-08-23,21:00-23:59,Minor,49.2684,-123.1711,Cyl-Unk,49.271703,-123.1571916,York & Yew
2014-07-01,15:00-17:59,Minor,49.2684,-123.1738,Single Cyl,49.271703,-123.1571916,York & Yew
2013-06-30,,Minor,49.2717,-123.1538,Single Cyl,49.271703,-123.1571916,York & Yew
2014-06-07,18:00-20:59,Minor,49.2726,-123.1538,Cyl-Ped,49.271703,-123.1571916,York & Yew
2015-06-09,18:00-20:59,Minor,49.2727,-123.1597,Single Cyl,49.271703,-123.1571916,York & Yew
2013-09-08,6:00-8:59,Minor,49.2727,-123.1621,Cyl-Unk,49.271703,-123.1571916,York & Yew
2017-07-03,,Severe,49.2758,-123.1462,Single Cyl,49.271703,-123.1571916,York & Yew
2016-09-22,,Minor,49.2748,-123.0695,Cyl-Ped,49.2714184,-123.0718064,Grant & Commercial
2017-07-13,,Minor,49.2753,-123.0657,Single Cyl,49.2714184,-123.0718064,Grant & Commercial
2016-05-31,6:00-8:59,Minor,49.2753,-123.0695,Single Cyl,49.2714184,-123.0718064,Grant & Commercial
2015-04-28,12:00-14:59,Minor,49.2791,-123.0566,Cyl-Ped,49.2714184,-123.0718064,Grant & Commercial
2016-06-05,12:00-14:59,Minor,49.2839,-123.0763,Single Cyl,49.2714184,-123.0718064,Grant & Commercial
2016-05-02,15:00-17:59,Minor,49.2708,-123.1515,Single Cyl,49.2706989,-123.1500615,Cypress & 1st
2013-04-12,,Severe,49.2587,-123.0698,Single Cyl,49.2698914,-123.0788555,Grandview Bike Lane & Commercial
2015-02-27,0:00-2:59,Minor,49.2596,-123.0698,Cyl-Cyl,49.2698914,-123.0788555,Grandview Bike Lane & Commercial
2014-08-27,18:00-20:59,Minor,49.2596,-123.0698,Cyl-Cyl,49.2698914,-123.0788555,Grandview Bike Lane & Commercial
2013-08-06,12:00-14:59,Severe,49.2596,-123.0698,Single Cyl,49.2698914,-123.0788555,Grandview Bike Lane & Commercial
2016-07-29,18:00-20:59,Minor,49.2623,-123.0659,Single Cyl,49.2698914,-123.0788555,Grandview Bike Lane & Commercial
2014-11-12,15:00-17:59,Minor,49.2623,-123.0659,Single Cyl,49.2698914,-123.0788555,Grandview Bike Lane & Commercial
2016-09-22,15:00-17:59,Minor,49.2623,-123.0698,Single Cyl,49.2698914,-123.0788555,Grandview Bike Lane & Commercial
2016-04-30,21:00-23:59,Minor,49.2623,-123.0698,Cyl-Cyl,49.2698914,-123.0788555,Grandview Bike Lane & Commercial
2016-04-09,0:00-2:59,Minor,49.2623,-123.0698,Cyl-Unk,49.2698914,-123.0788555,Grandview Bike Lane & Commercial
2015-09-07,,Minor,49.2623,-123.0698,Cyl-Unk,49.2698914,-123.0788555,Grandview Bike Lane & Commercial
2013-12-28,0:00-2:59,Minor,49.2642,-123.0697,Cyl-Unk,49.2698914,-123.0788555,Grandview Bike Lane & Commercial
2014-08-18,12:00-14:59,Minor,49.2651,-123.0697,Single Cyl,49.2698914,-123.0788555,Grandview Bike Lane & Commercial
2016-07-30,12:00-14:59,Minor,49.266,-123.0736,Single Cyl,49.2698914,-123.0788555,Grandview Bike Lane & Commercial
2014-03-15,0:00-2:59,Minor,49.2669,-123.0697,Cyl-Cyl,49.2698914,-123.0788555,Grandview Bike Lane & Commercial
2016-08-25,,Minor,49.2678,-123.0735,Single Cyl,49.2698914,-123.0788555,Grandview Bike Lane & Commercial
2016-06-03,12:00-14:59,Minor,49.2682,-123.0696,Single Cyl,49.2698914,-123.0788555,Grandview Bike Lane & Commercial
2015-05-03,18:00-20:59,Minor,49.2686,-123.0638,Cyl-Ped,49.2698914,-123.0788555,Grandview Bike Lane & Commercial
2015-07-16,,Minor,49.2687,-123.0696,Cyl-Ped,49.2698914,-123.0788555,Grandview Bike Lane & Commercial
2016-07-12,,Minor,49.2687,-123.0735,Single Cyl,49.2698914,-123.0788555,Grandview Bike Lane & Commercial
2013-10-16,,Minor,49.2692,-123.0735,Cyl-Ped,49.2698914,-123.0788555,Grandview Bike Lane & Commercial
2013-10-16,,Minor,49.2692,-123.0735,Cyl-Ped,49.2698914,-123.0788555,Grandview Bike Lane & Commercial
2016-06-05,,Minor,49.2695,-123.0619,Single Cyl,49.2698914,-123.0788555,Grandview Bike Lane & Commercial
2015-04-13,6:00-8:59,Minor,49.2696,-123.0696,Cyl-Unk,49.2698914,-123.0788555,Grandview Bike Lane & Commercial
2013-11-27,,Minor,49.2696,-123.0696,Cyl-Cyl,49.2698914,-123.0788555,Grandview Bike Lane & Commercial
2013-10-24,,Severe,49.2696,-123.0696,Cyl-Cyl,49.2698914,-123.0788555,Grandview Bike Lane & Commercial
2013-10-24,,Severe,49.2696,-123.0696,Cyl-Cyl,49.2698914,-123.0788555,Grandview Bike Lane & Commercial
2013-08-16,,Minor,49.2696,-123.0696,Single Cyl,49.2698914,-123.0788555,Grandview Bike Lane & Commercial
2017-12-27,12:00-14:59,Severe,49.2696,-123.0706,Single Cyl,49.2698914,-123.0788555,Grandview Bike Lane & Commercial
2016-08-31,,Minor,49.2696,-123.0754,Cyl-Ped,49.2698914,-123.0788555,Grandview Bike Lane & Commercial
2014-10-25,9:00-11:59,Severe,49.2696,-123.0754,Single Cyl,49.2698914,-123.0788555,Grandview Bike Lane & Commercial
2017-09-11,,Minor,49.2713,-123.0657,Single Cyl,49.2698914,-123.0788555,Grandview Bike Lane & Commercial
2017-02-18,,Minor,49.2713,-123.0657,Single Cyl,49.2698914,-123.0788555,Grandview Bike Lane & Commercial
2013-05-19,18:00-20:59,Minor,49.2721,-123.0657,Cyl-Unk,49.2698914,-123.0788555,Grandview Bike Lane & Commercial
2016-10-11,,Minor,49.2721,-123.0696,Cyl-Cyl,49.2698914,-123.0788555,Grandview Bike Lane & Commercial
2015-09-19,,Minor,49.2723,-123.0787,Single Cyl,49.2698914,-123.0788555,Grandview Bike Lane & Commercial
2016-08-14,,Minor,49.2758,-123.0772,Cyl-Cyl,49.2698914,-123.0788555,Grandview Bike Lane & Commercial
2016-02-17,9:00-11:59,Minor,49.2768,-123.0772,Cyl-Unk,49.2698914,-123.0788555,Grandview Bike Lane & Commercial
2013-10-03,,Minor,49.2768,-123.0772,Cyl-Cyl,49.2698914,-123.0788555,Grandview Bike Lane & Commercial
2013-10-03,,Minor,49.2768,-123.0772,Cyl-Cyl,49.2698914,-123.0788555,Grandview Bike Lane & Commercial
2014-04-22,,Minor,49.2773,-123.0793,Cyl-Unk,49.2698914,-123.0788555,Grandview Bike Lane & Commercial
2013-06-19,15:00-17:59,Minor,49.2774,-123.0833,Single Cyl,49.2698914,-123.0788555,Grandview Bike Lane & Commercial
2014-07-12,12:00-14:59,Minor,49.2775,-123.0916,Cyl-Cyl,49.2698914,-123.0788555,Grandview Bike Lane & Commercial
2015-03-20,6:00-8:59,Minor,49.2776,-123.0757,Cyl-Unk,49.2698914,-123.0788555,Grandview Bike Lane & Commercial
2014-11-14,,Minor,49.2776,-123.0757,Single Cyl,49.2698914,-123.0788555,Grandview Bike Lane & Commercial
2017-05-13,0:00-2:59,Severe,49.2776,-123.0772,Cyl-Cyl,49.2698914,-123.0788555,Grandview Bike Lane & Commercial
2017-05-13,0:00-2:59,Severe,49.2776,-123.0772,Cyl-Cyl,49.2698914,-123.0788555,Grandview Bike Lane & Commercial
2017-09-14,6:00-8:59,Minor,49.2811,-123.0792,Cyl-Unk,49.2698914,-123.0788555,Grandview Bike Lane & Commercial
2016-02-29,,Minor,49.2811,-123.0792,Single Cyl,49.2698914,-123.0788555,Grandview Bike Lane & Commercial
2014-07-09,18:00-20:59,Minor,49.2811,-123.0792,Single Cyl,49.2698914,-123.0788555,Grandview Bike Lane & Commercial
2015-12-14,15:00-17:59,Severe,49.2813,-123.0741,Cyl-Cyl,49.2698914,-123.0788555,Grandview Bike Lane & Commercial
2015-06-19,18:00-20:59,Minor,49.2813,-123.0741,Cyl-Unk,49.2698914,-123.0788555,Grandview Bike Lane & Commercial
2016-06-22,,Minor,49.2813,-123.0771,Single Cyl,49.2698914,-123.0788555,Grandview Bike Lane & Commercial
2014-01-14,18:00-20:59,Minor,49.2823,-123.0813,Single Cyl,49.2698914,-123.0788555,Grandview Bike Lane & Commercial
2015-02-13,18:00-20:59,Minor,49.2695,-123.0534,Cyl-Ped,49.2686998,-123.0718543,2nd & Commercial
2014-03-28,12:00-14:59,Minor,49.273,-123.0657,Single Cyl,49.2686998,-123.0718543,2nd & Commercial
2017-07-25,15:00-17:59,Minor,49.273,-123.0696,Cyl-Ped,49.2686998,-123.0718543,2nd & Commercial
2017-01-17,15:00-17:59,Minor,49.2731,-123.0566,Cyl-Unk,49.2686998,-123.0718543,2nd & Commercial
2016-08-24,18:00-20:59,Minor,49.2731,-123.0566,Cyl-Unk,49.2686998,-123.0718543,2nd & Commercial
2016-06-13,18:00-20:59,Minor,49.2642,-123.1759,Cyl-Unk,49.2683481,-123.1597688,Vine & 4th
2016-04-02,9:00-11:59,Minor,49.2651,-123.1759,Single Cyl,49.2683481,-123.1597688,Vine & 4th
2015-05-06,,Minor,49.2749,-123.0999,Single Cyl,49.2675962,-123.0971719,Thornton & 1st
2014-03-18,,Minor,49.2749,-123.0999,Single Cyl,49.2675962,-123.0971719,Thornton & 1st
2017-07-23,,Minor,49.2755,-123.0999,Single Cyl,49.2675962,-123.0971719,Thornton & 1st
2013-04-23,21:00-23:59,Minor,49.2755,-123.0999,Single Cyl,49.2675962,-123.0971719,Thornton & 1st
2013-11-08,,Minor,49.2776,-123.0936,Single Cyl,49.2675962,-123.0971719,Thornton & 1st
2013-10-28,12:00-14:59,Minor,49.2776,-123.0936,Single Cyl,49.2675962,-123.0971719,Thornton & 1st
2013-10-28,12:00-14:59,Minor,49.2776,-123.0936,Single Cyl,49.2675962,-123.0971719,Thornton & 1st
2016-05-07,12:00-14:59,Minor,49.2699,-123.1527,Cyl-Unk,49.267286,-123.1549892,5th & Arbutus
2015-06-16,15:00-17:59,Minor,49.2634,-123.1266,Single Cyl,49.266487,-123.11573,Olympic Village Station - Parking Lot
2014-10-17,9:00-11:59,Minor,49.2634,-123.1266,Cyl-Unk,49.266487,-123.11573,Olympic Village Station - Parking Lot
2013-09-24,,Minor,49.2634,-123.1266,Single Cyl,49.266487,-123.11573,Olympic Village Station - Parking Lot
2017-11-06,15:00-17:59,Minor,49.2634,-123.129,Single Cyl,49.266487,-123.11573,Olympic Village Station - Parking Lot
2015-07-19,0:00-2:59,Minor,49.2635,-123.1337,Single Cyl,49.266487,-123.11573,Olympic Village Station - Parking Lot
2015-07-18,18:00-20:59,Minor,49.2635,-123.1337,Single Cyl,49.266487,-123.11573,Olympic Village Station - Parking Lot
2016-02-20,,Minor,49.2643,-123.1266,Single Cyl,49.266487,-123.11573,Olympic Village Station - Parking Lot
2016-05-25,15:00-17:59,Minor,49.2645,-123.1361,Single Cyl,49.266487,-123.11573,Olympic Village Station - Parking Lot
2015-09-03,12:00-14:59,Minor,49.2648,-123.1109,Cyl-Unk,49.266487,-123.11573,Olympic Village Station - Parking Lot
2016-07-29,18:00-20:59,Minor,49.2648,-123.1128,Cyl-Unk,49.266487,-123.11573,Olympic Village Station - Parking Lot
2016-07-26,21:00-23:59,Minor,49.2649,-123.1148,Single Cyl,49.266487,-123.11573,Olympic Village Station - Parking Lot
2015-03-14,,Minor,49.2649,-123.1148,Cyl-Ped,49.266487,-123.11573,Olympic Village Station - Parking Lot
2013-04-19,,Minor,49.2651,-123.1241,Cyl-Unk,49.266487,-123.11573,Olympic Village Station - Parking Lot
2015-06-30,,Minor,49.2652,-123.1277,Single Cyl,49.266487,-123.11573,Olympic Village Station - Parking Lot
2015-06-08,18:00-20:59,Severe,49.2653,-123.1147,Cyl-Unk,49.266487,-123.11573,Olympic Village Station - Parking Lot
2015-05-25,6:00-8:59,Minor,49.2661,-123.1313,Cyl-Unk,49.266487,-123.11573,Olympic Village Station - Parking Lot
2016-09-10,9:00-11:59,Severe,49.2662,-123.1253,Cyl-Unk,49.266487,-123.11573,Olympic Village Station - Parking Lot
2016-06-29,15:00-17:59,Minor,49.2662,-123.1146,Single Cyl,49.266487,-123.11573,Olympic Village Station - Parking Lot
2015-11-30,6:00-8:59,Severe,49.2664,-123.0988,Single Cyl,49.266487,-123.11573,Olympic Village Station - Parking Lot
2013-10-30,12:00-14:59,Minor,49.2666,-123.1094,Single Cyl,49.266487,-123.11573,Olympic Village Station - Parking Lot
2013-10-30,12:00-14:59,Minor,49.2666,-123.1094,Single Cyl,49.266487,-123.11573,Olympic Village Station - Parking Lot
2017-02-12,6:00-8:59,Minor,49.2666,-123.1108,Cyl-Unk,49.266487,-123.11573,Olympic Village Station - Parking Lot
2015-07-15,,Minor,49.2666,-123.1108,Cyl-Unk,49.266487,-123.11573,Olympic Village Station - Parking Lot
2015-01-24,9:00-11:59,Minor,49.2673,-123.1008,Cyl-Unk,49.266487,-123.11573,Olympic Village Station - Parking Lot
2013-07-15,,Minor,49.2673,-123.1008,Cyl-Unk,49.266487,-123.11573,Olympic Village Station - Parking Lot
2014-04-19,18:00-20:59,Minor,49.2674,-123.1028,Single Cyl,49.266487,-123.11573,Olympic Village Station - Parking Lot
2015-12-24,15:00-17:59,Minor,49.2678,-123.0982,Cyl-Unk,49.266487,-123.11573,Olympic Village Station - Parking Lot
2014-04-08,,Minor,49.2682,-123.1007,Single Cyl,49.266487,-123.11573,Olympic Village Station - Parking Lot
2013-03-23,15:00-17:59,Minor,49.2682,-123.1007,Single Cyl,49.266487,-123.11573,Olympic Village Station - Parking Lot
2016-02-23,6:00-8:59,Minor,49.2683,-123.1115,Single Cyl,49.266487,-123.11573,Olympic Village Station - Parking Lot
2014-03-29,,Minor,49.2683,-123.1115,Single Cyl,49.266487,-123.11573,Olympic Village Station - Parking Lot
2015-07-02,,Minor,49.2683,-123.1187,Cyl-Cyl,49.266487,-123.11573,Olympic Village Station - Parking Lot
2014-09-21,9:00-11:59,Minor,49.2686,-123.0997,Single Cyl,49.266487,-123.11573,Olympic Village Station - Parking Lot
2017-12-03,12:00-14:59,Minor,49.2692,-123.1007,Single Cyl,49.266487,-123.11573,Olympic Village Station - Parking Lot
2016-06-17,18:00-20:59,Minor,49.2692,-123.1007,Cyl-Unk,49.266487,-123.11573,Olympic Village Station - Parking Lot
2015-09-10,0:00-2:59,Minor,49.2692,-123.1007,Single Cyl,49.266487,-123.11573,Olympic Village Station - Parking Lot
2015-07-06,15:00-17:59,Minor,49.2692,-123.1007,Single Cyl,49.266487,-123.11573,Olympic Village Station - Parking Lot
2013-08-08,6:00-8:59,Minor,49.2692,-123.1007,Single Cyl,49.266487,-123.11573,Olympic Village Station - Parking Lot
2017-11-14,,Severe,49.2693,-123.1066,Cyl-Unk,49.266487,-123.11573,Olympic Village Station - Parking Lot
2017-10-24,9:00-11:59,Minor,49.2693,-123.1066,Cyl-Cyl,49.266487,-123.11573,Olympic Village Station - Parking Lot
2014-06-13,21:00-23:59,Minor,49.2699,-123.0981,Single Cyl,49.266487,-123.11573,Olympic Village Station - Parking Lot
2016-08-23,,Severe,49.2701,-123.1007,Cyl-Ped,49.266487,-123.11573,Olympic Village Station - Parking Lot
2014-07-17,15:00-17:59,Minor,49.2703,-123.1094,Cyl-Unk,49.266487,-123.11573,Olympic Village Station - Parking Lot
2016-06-05,,Minor,49.2705,-123.1006,Single Cyl,49.266487,-123.11573,Olympic Village Station - Parking Lot
2017-07-23,12:00-14:59,Severe,49.2708,-123.1149,Single Cyl,49.266487,-123.11573,Olympic Village Station - Parking Lot
2013-06-04,15:00-17:59,Minor,49.2716,-123.1094,Cyl-Ped,49.266487,-123.11573,Olympic Village Station - Parking Lot
2016-06-04,18:00-20:59,Minor,49.2731,-123.1259,Cyl-Cyl,49.266487,-123.11573,Olympic Village Station - Parking Lot
2013-05-03,21:00-23:59,Severe,49.2731,-123.1259,Single Cyl,49.266487,-123.11573,Olympic Village Station - Parking Lot
2013-05-06,9:00-11:59,Minor,49.2737,-123.1275,Cyl-Unk,49.266487,-123.11573,Olympic Village Station - Parking Lot
2014-06-02,,Minor,49.2739,-123.1149,Cyl-Ped,49.266487,-123.11573,Olympic Village Station - Parking Lot
2013-08-31,12:00-14:59,Minor,49.2744,-123.118,Cyl-Unk,49.266487,-123.11573,Olympic Village Station - Parking Lot
2017-11-27,18:00-20:59,Minor,49.2767,-123.109,Single Cyl,49.266487,-123.11573,Olympic Village Station - Parking Lot
2013-07-29,14:00:00,Death,49.2606,-123.1303,Single Cyl,49.26632,-123.1420187,Keith & 6th
2017-05-06,12:00-14:59,Minor,49.2671,-123.136,Cyl-Unk,49.26632,-123.1420187,Keith & 6th
2017-05-06,12:00-14:59,Minor,49.2671,-123.136,Cyl-Unk,49.26632,-123.1420187,Keith & 6th
2015-05-11,6:00-8:59,Minor,49.2672,-123.1456,Single Cyl,49.26632,-123.1420187,Keith & 6th
2016-04-30,21:00-23:59,Minor,49.2681,-123.148,Cyl-Unk,49.26632,-123.1420187,Keith & 6th
2016-01-08,21:00-23:59,Minor,49.2716,-123.1346,Cyl-Unk,49.26632,-123.1420187,Keith & 6th
2015-09-29,12:00-14:59,Minor,49.2716,-123.1346,Cyl-Unk,49.26632,-123.1420187,Keith & 6th
2015-06-30,,Minor,49.2716,-123.1346,Cyl-Cyl,49.26632,-123.1420187,Keith & 6th
2014-03-20,,Severe,49.2716,-123.1346,Cyl-Unk,49.26632,-123.1420187,Keith & 6th
2015-09-21,12:00-14:59,Severe,49.2754,-123.1299,Single Cyl,49.26632,-123.1420187,Keith & 6th
2017-09-13,,Minor,49.2754,-123.1372,Cyl-Cyl,49.26632,-123.1420187,Keith & 6th
2017-05-27,15:00-17:59,Minor,49.2754,-123.1372,Cyl-Cyl,49.26632,-123.1420187,Keith & 6th
2017-05-27,15:00-17:59,Minor,49.2754,-123.1372,Cyl-Cyl,49.26632,-123.1420187,Keith & 6th
2016-10-19,,Minor,49.2754,-123.1372,Cyl-Ped,49.26632,-123.1420187,Keith & 6th
2015-08-02,15:00-17:59,Minor,49.2754,-123.1372,Cyl-Unk,49.26632,-123.1420187,Keith & 6th
2014-07-02,18:00-20:59,Minor,49.2754,-123.1372,Cyl-Cyl,49.26632,-123.1420187,Keith & 6th
2013-10-05,12:00-14:59,Minor,49.2754,-123.1372,Cyl-Ped,49.26632,-123.1420187,Keith & 6th
2013-10-05,12:00-14:59,Minor,49.2754,-123.1372,Cyl-Ped,49.26632,-123.1420187,Keith & 6th
2013-09-07,,Severe,49.2754,-123.1372,Single Cyl,49.26632,-123.1420187,Keith & 6th
2013-05-20,,Severe,49.2754,-123.1372,Cyl-Unk,49.26632,-123.1420187,Keith & 6th
2015-07-29,21:00-23:59,Minor,49.2765,-123.1331,Cyl-Unk,49.26632,-123.1420187,Keith & 6th
2016-08-19,9:00-11:59,Minor,49.2768,-123.1346,Single Cyl,49.26632,-123.1420187,Keith & 6th
2014-08-10,9:00-11:59,Severe,49.2776,-123.1354,Single Cyl,49.26632,-123.1420187,Keith & 6th
2015-09-08,15:00-17:59,Minor,49.2633,-123.1199,Single Cyl,49.2650483,-123.1220075,7th & Heather
2015-06-15,15:00-17:59,Minor,49.2633,-123.1199,Cyl-Unk,49.2650483,-123.1220075,7th & Heather
2013-07-17,,Minor,49.2633,-123.1199,Single Cyl,49.2650483,-123.1220075,7th & Heather
2015-10-21,15:00-17:59,Minor,49.251,-123.0901,Single Cyl,49.2643365,-123.0929144,8th & Prince Edward
2016-06-12,,Minor,49.2527,-123.1009,Single Cyl,49.2643365,-123.0929144,8th & Prince Edward
2015-04-01,9:00-11:59,Minor,49.2533,-123.09,Cyl-Ped,49.2643365,-123.0929144,8th & Prince Edward
2016-05-17,,Minor,49.2537,-123.09,Single Cyl,49.2643365,-123.0929144,8th & Prince Edward
2013-04-01,15:00-17:59,Minor,49.2537,-123.09,Single Cyl,49.2643365,-123.0929144,8th & Prince Edward
2014-02-11,12:00-14:59,Minor,49.2539,-123.1009,Cyl-Ped,49.2643365,-123.0929144,8th & Prince Edward
2014-09-07,21:00-23:59,Minor,49.2545,-123.0837,Cyl-Cyl,49.2643365,-123.0929144,8th & Prince Edward
2017-04-08,12:00-14:59,Severe,49.2546,-123.0875,Cyl-Unk,49.2643365,-123.0929144,8th & Prince Edward
2017-09-23,9:00-11:59,Minor,49.2546,-123.0899,Cyl-Unk,49.2643365,-123.0929144,8th & Prince Edward
2016-06-02,18:00-20:59,Minor,49.2548,-123.101,Single Cyl,49.2643365,-123.0929144,8th & Prince Edward
2013-06-06,,Minor,49.2552,-123.0866,Single Cyl,49.2643365,-123.0929144,8th & Prince Edward
2014-09-12,15:00-17:59,Minor,49.2566,-123.0984,Single Cyl,49.2643365,-123.0929144,8th & Prince Edward
2017-09-04,12:00-14:59,Minor,49.2566,-123.1012,Cyl-Unk,49.2643365,-123.0929144,8th & Prince Edward
2015-08-01,15:00-17:59,Minor,49.2566,-123.1012,Single Cyl,49.2643365,-123.0929144,8th & Prince Edward
2015-06-26,6:00-8:59,Minor,49.2566,-123.1012,Single Cyl,49.2643365,-123.0929144,8th & Prince Edward
2013-08-16,12:00-14:59,Minor,49.2566,-123.1012,Single Cyl,49.2643365,-123.0929144,8th & Prince Edward
2013-08-09,18:00-20:59,Minor,49.2566,-123.1012,Single Cyl,49.2643365,-123.0929144,8th & Prince Edward
2017-08-31,21:00-23:59,Minor,49.2567,-123.0899,Cyl-Unk,49.2643365,-123.0929144,8th & Prince Edward
2017-08-23,21:00-23:59,Minor,49.2567,-123.0899,Cyl-Unk,49.2643365,-123.0929144,8th & Prince Edward
2015-06-10,15:00-17:59,Minor,49.2567,-123.0899,Single Cyl,49.2643365,-123.0929144,8th & Prince Edward
2014-06-19,,Minor,49.2567,-123.0899,Single Cyl,49.2643365,-123.0929144,8th & Prince Edward
2013-11-09,3:00-5:59,Minor,49.2567,-123.0899,Cyl-Unk,49.2643365,-123.0929144,8th & Prince Edward
2013-09-15,12:00-14:59,Minor,49.2567,-123.0899,Cyl-Cyl,49.2643365,-123.0929144,8th & Prince Edward
2015-03-10,,Minor,49.2574,-123.0918,Single Cyl,49.2643365,-123.0929144,8th & Prince Edward
2014-10-24,,Severe,49.2575,-123.0984,Single Cyl,49.2643365,-123.0929144,8th & Prince Edward
2014-01-13,21:00-23:59,Minor,49.2575,-123.0998,Cyl-Unk,49.2643365,-123.0929144,8th & Prince Edward
2013-01-27,15:00-17:59,Severe,49.2579,-123.1012,Single Cyl,49.2643365,-123.0929144,8th & Prince Edward
2017-04-28,18:00-20:59,Minor,49.2584,-123.0984,Cyl-Unk,49.2643365,-123.0929144,8th & Prince Edward
2015-05-20,21:00-23:59,Minor,49.2584,-123.1012,Cyl-Unk,49.2643365,-123.0929144,8th & Prince Edward
2014-06-29,18:00-20:59,Minor,49.2584,-123.1012,Cyl-Unk,49.2643365,-123.0929144,8th & Prince Edward
2014-07-13,9:00-11:59,Minor,49.2596,-123.0776,Cyl-Unk,49.2643365,-123.0929144,8th & Prince Edward
2015-12-29,,Severe,49.2597,-123.0834,Cyl-Ped,49.2643365,-123.0929144,8th & Prince Edward
2017-09-12,,Minor,49.2597,-123.0892,Single Cyl,49.2643365,-123.0929144,8th & Prince Edward
2017-05-27,18:00-20:59,Severe,49.2597,-123.0892,Cyl-Cyl,49.2643365,-123.0929144,8th & Prince Edward
2017-05-27,18:00-20:59,Severe,49.2597,-123.0892,Cyl-Cyl,49.2643365,-123.0929144,8th & Prince Edward
2014-09-17,12:00-14:59,Minor,49.2597,-123.0892,Cyl-Ped,49.2643365,-123.0929144,8th & Prince Edward
2014-07-19,12:00-14:59,Severe,49.2597,-123.0892,Single Cyl,49.2643365,-123.0929144,8th & Prince Edward
2014-04-12,3:00-5:59,Minor,49.2597,-123.0892,Single Cyl,49.2643365,-123.0929144,8th & Prince Edward
2013-07-27,15:00-17:59,Minor,49.2597,-123.0892,Cyl-Unk,49.2643365,-123.0929144,8th & Prince Edward
2017-09-08,21:00-23:59,Minor,49.2599,-123.0966,Cyl-Unk,49.2643365,-123.0929144,8th & Prince Edward
2014-07-05,15:00-17:59,Minor,49.2599,-123.0966,Single Cyl,49.2643365,-123.0929144,8th & Prince Edward
2013-05-08,,Minor,49.2599,-123.0966,Single Cyl,49.2643365,-123.0929144,8th & Prince Edward
2014-08-07,18:00-20:59,Severe,49.2602,-123.0983,Cyl-Ped,49.2643365,-123.0929144,8th & Prince Edward
2014-08-07,,Minor,49.2602,-123.0983,Single Cyl,49.2643365,-123.0929144,8th & Prince Edward
2017-05-21,18:00-20:59,Minor,49.2602,-123.1011,Single Cyl,49.2643365,-123.0929144,8th & Prince Edward
2017-05-21,18:00-20:59,Minor,49.2602,-123.1011,Single Cyl,49.2643365,-123.0929144,8th & Prince Edward
2017-03-25,15:00-17:59,Minor,49.2602,-123.1011,Cyl-Unk,49.2643365,-123.0929144,8th & Prince Edward
2017-03-21,9:00-11:59,Minor,49.2602,-123.1011,Cyl-Cyl,49.2643365,-123.0929144,8th & Prince Edward
2016-10-01,9:00-11:59,Minor,49.2602,-123.1011,Cyl-Unk,49.2643365,-123.0929144,8th & Prince Edward
2015-03-12,,Minor,49.2602,-123.1011,Cyl-Unk,49.2643365,-123.0929144,8th & Prince Edward
2014-07-12,,Minor,49.2602,-123.1011,Single Cyl,49.2643365,-123.0929144,8th & Prince Edward
2015-09-18,,Minor,49.2602,-123.1031,Single Cyl,49.2643365,-123.0929144,8th & Prince Edward
2014-08-30,6:00-8:59,Minor,49.2602,-123.1031,Cyl-Cyl,49.2643365,-123.0929144,8th & Prince Edward
2015-08-03,3:00-5:59,Minor,49.2606,-123.0814,Single Cyl,49.2643365,-123.0929144,8th & Prince Edward
2015-07-01,21:00-23:59,Minor,49.2611,-123.0983,Single Cyl,49.2643365,-123.0929144,8th & Prince Edward
2014-06-16,,Minor,49.2611,-123.101,Cyl-Ped,49.2643365,-123.0929144,8th & Prince Edward
2016-06-25,,Minor,49.2614,-123.0775,Cyl-Unk,49.2643365,-123.0929144,8th & Prince Edward
2014-10-05,15:00-17:59,Severe,49.2615,-123.0833,Single Cyl,49.2643365,-123.0929144,8th & Prince Edward
2013-06-22,3:00-5:59,Severe,49.2615,-123.0872,Cyl-Unk,49.2643365,-123.0929144,8th & Prince Edward
2013-10-06,12:00-14:59,Minor,49.2616,-123.093,Single Cyl,49.2643365,-123.0929144,8th & Prince Edward
2013-10-06,12:00-14:59,Minor,49.2616,-123.093,Single Cyl,49.2643365,-123.0929144,8th & Prince Edward
2013-08-11,,Minor,49.262,-123.0891,Cyl-Unk,49.2643365,-123.0929144,8th & Prince Edward
2016-11-22,6:00-8:59,Minor,49.262,-123.101,Cyl-Unk,49.2643365,-123.0929144,8th & Prince Edward
2014-10-30,12:00-14:59,Minor,49.262,-123.101,Cyl-Unk,49.2643365,-123.0929144,8th & Prince Edward
2013-08-09,,Severe,49.262,-123.103,Cyl-Unk,49.2643365,-123.0929144,8th & Prince Edward
2017-03-05,,Minor,49.2624,-123.0775,Single Cyl,49.2643365,-123.0929144,8th & Prince Edward
2016-07-18,,Minor,49.2624,-123.0775,Cyl-Unk,49.2643365,-123.0929144,8th & Prince Edward
2015-10-05,18:00-20:59,Minor,49.2624,-123.0775,Cyl-Cyl,49.2643365,-123.0929144,8th & Prince Edward
2015-04-09,18:00-20:59,Minor,49.2624,-123.0775,Cyl-Unk,49.2643365,-123.0929144,8th & Prince Edward
2014-07-27,9:00-11:59,Severe,49.2624,-123.0775,Cyl-Cyl,49.2643365,-123.0929144,8th & Prince Edward
2013-12-30,18:00-20:59,Minor,49.2624,-123.0775,Cyl-Unk,49.2643365,-123.0929144,8th & Prince Edward
2013-05-23,21:00-23:59,Minor,49.2624,-123.0775,Single Cyl,49.2643365,-123.0929144,8th & Prince Edward
2015-11-09,15:00-17:59,Severe,49.2624,-123.0814,Cyl-Ped,49.2643365,-123.0929144,8th & Prince Edward
2017-05-24,,Minor,49.2625,-123.0891,Cyl-Ped,49.2643365,-123.0929144,8th & Prince Edward
2017-05-24,,Minor,49.2625,-123.0891,Cyl-Ped,49.2643365,-123.0929144,8th & Prince Edward
2014-05-31,15:00-17:59,Minor,49.2625,-123.0891,Cyl-Cyl,49.2643365,-123.0929144,8th & Prince Edward
2016-09-30,,Minor,49.2625,-123.0945,Single Cyl,49.2643365,-123.0929144,8th & Prince Edward
2015-07-15,,Minor,49.2625,-123.0945,Cyl-Ped,49.2643365,-123.0929144,8th & Prince Edward
2014-08-30,9:00-11:59,Minor,49.2625,-123.0945,Cyl-Unk,49.2643365,-123.0929144,8th & Prince Edward
2014-04-14,15:00-17:59,Minor,49.2625,-123.0945,Cyl-Unk,49.2643365,-123.0929144,8th & Prince Edward
2016-09-04,12:00-14:59,Minor,49.2626,-123.096,Single Cyl,49.2643365,-123.0929144,8th & Prince Edward
2017-07-19,,Minor,49.2629,-123.0995,Single Cyl,49.2643365,-123.0929144,8th & Prince Edward
2016-07-19,9:00-11:59,Minor,49.2629,-123.0995,Cyl-Unk,49.2643365,-123.0929144,8th & Prince Edward
2015-09-08,15:00-17:59,Minor,49.2629,-123.0995,Cyl-Ped,49.2643365,-123.0929144,8th & Prince Edward
2016-06-11,21:00-23:59,Minor,49.2629,-123.101,Cyl-Unk,49.2643365,-123.0929144,8th & Prince Edward
2016-02-23,18:00-20:59,Minor,49.2629,-123.101,Cyl-Unk,49.2643365,-123.0929144,8th & Prince Edward
2016-01-21,15:00-17:59,Minor,49.2629,-123.101,Cyl-Unk,49.2643365,-123.0929144,8th & Prince Edward
2015-06-13,12:00-14:59,Minor,49.2629,-123.101,Cyl-Ped,49.2643365,-123.0929144,8th & Prince Edward
2014-06-10,,Minor,49.2629,-123.101,Single Cyl,49.2643365,-123.0929144,8th & Prince Edward
2013-02-09,21:00-23:59,Minor,49.2629,-123.101,Single Cyl,49.2643365,-123.0929144,8th & Prince Edward
2017-04-28,,Minor,49.2629,-123.102,Single Cyl,49.2643365,-123.0929144,8th & Prince Edward
2017-04-28,,Minor,49.2629,-123.102,Single Cyl,49.2643365,-123.0929144,8th & Prince Edward
2016-08-05,,Minor,49.263,-123.103,Single Cyl,49.2643365,-123.0929144,8th & Prince Edward
2015-03-20,9:00-11:59,Minor,49.263,-123.103,Cyl-Unk,49.2643365,-123.0929144,8th & Prince Edward
2017-09-15,6:00-8:59,Minor,49.2633,-123.1009,Cyl-Unk,49.2643365,-123.0929144,8th & Prince Edward
2014-02-11,6:00-8:59,Minor,49.2634,-123.0872,Cyl-Unk,49.2643365,-123.0929144,8th & Prince Edward
2017-05-08,15:00-17:59,Minor,49.2637,-123.1009,Single Cyl,49.2643365,-123.0929144,8th & Prince Edward
2017-05-08,15:00-17:59,Minor,49.2637,-123.1009,Single Cyl,49.2643365,-123.0929144,8th & Prince Edward
2016-03-21,15:00-17:59,Minor,49.2637,-123.1009,Cyl-Ped,49.2643365,-123.0929144,8th & Prince Edward
2015-06-26,15:00-17:59,Minor,49.2642,-123.0784,Cyl-Ped,49.2643365,-123.0929144,8th & Prince Edward
2015-03-14,,Minor,49.2643,-123.0842,Single Cyl,49.2643365,-123.0929144,8th & Prince Edward
2016-07-14,,Minor,49.2644,-123.092,Cyl-Ped,49.2643365,-123.0929144,8th & Prince Edward
2016-10-25,15:00-17:59,Minor,49.2644,-123.1009,Cyl-Ped,49.2643365,-123.0929144,8th & Prince Edward
2015-06-28,,Minor,49.2646,-123.0989,Single Cyl,49.2643365,-123.0929144,8th & Prince Edward
2017-10-08,15:00-17:59,Minor,49.2646,-123.1009,Single Cyl,49.2643365,-123.0929144,8th & Prince Edward
2015-06-30,,Minor,49.2646,-123.1019,Cyl-Unk,49.2643365,-123.0929144,8th & Prince Edward
2013-11-10,9:00-11:59,Minor,49.2652,-123.0774,Cyl-Cyl,49.2643365,-123.0929144,8th & Prince Edward
2015-05-30,0:00-2:59,Minor,49.2652,-123.0794,Cyl-Unk,49.2643365,-123.0929144,8th & Prince Edward
2017-07-12,,Minor,49.2655,-123.0988,Cyl-Cyl,49.2643365,-123.0929144,8th & Prince Edward
2013-01-03,,Minor,49.2655,-123.1009,Cyl-Ped,49.2643365,-123.0929144,8th & Prince Edward
2014-08-22,9:00-11:59,Minor,49.266,-123.0774,Cyl-Unk,49.2643365,-123.0929144,8th & Prince Edward
2015-10-11,,Minor,49.2663,-123.087,Cyl-Unk,49.2643365,-123.0929144,8th & Prince Edward
2014-07-31,18:00-20:59,Minor,49.2669,-123.0774,Single Cyl,49.2643365,-123.0929144,8th & Prince Edward
2016-05-07,12:00-14:59,Minor,49.2708,-123.0885,Cyl-Cyl,49.2643365,-123.0929144,8th & Prince Edward
2017-07-09,12:00-14:59,Minor,49.2728,-123.1,Single Cyl,49.2643365,-123.0929144,8th & Prince Edward
2017-04-03,15:00-17:59,Minor,49.2728,-123.1,Cyl-Cyl,49.2643365,-123.0929144,8th & Prince Edward
2016-12-12,15:00-17:59,Minor,49.2728,-123.1,Single Cyl,49.2643365,-123.0929144,8th & Prince Edward
2016-07-05,9:00-11:59,Severe,49.2728,-123.1,Cyl-Cyl,49.2643365,-123.0929144,8th & Prince Edward
2016-04-27,,Minor,49.2728,-123.1,Single Cyl,49.2643365,-123.0929144,8th & Prince Edward
2016-02-12,6:00-8:59,Minor,49.2728,-123.1,Cyl-Cyl,49.2643365,-123.0929144,8th & Prince Edward
2015-08-03,,Minor,49.2728,-123.1,Single Cyl,49.2643365,-123.0929144,8th & Prince Edward
2016-02-10,,Minor,49.264,-123.1624,Cyl-Ped,49.2642817,-123.1552451,St Catherines & 7th
2017-07-01,,Minor,49.2641,-123.1682,Single Cyl,49.2642817,-123.1552451,St Catherines & 7th
2015-08-02,21:00-23:59,Minor,49.2641,-123.1682,Cyl-Unk,49.2642817,-123.1552451,St Catherines & 7th
2015-06-30,,Minor,49.2641,-123.1682,Cyl-Unk,49.2642817,-123.1552451,St Catherines & 7th
2015-04-09,,Minor,49.2641,-123.1682,Single Cyl,49.2642817,-123.1552451,St Catherines & 7th
2016-05-01,12:00-14:59,Minor,49.2641,-123.1711,Cyl-Ped,49.2642817,-123.1552451,St Catherines & 7th
2013-06-04,18:00-20:59,Minor,49.2642,-123.174,Cyl-Unk,49.2642817,-123.1552451,St Catherines & 7th
2016-06-17,15:00-17:59,Minor,49.2655,-123.1481,Cyl-Unk,49.2642817,-123.1552451,St Catherines & 7th
2016-07-29,6:00-8:59,Minor,49.2668,-123.148,Single Cyl,49.2642817,-123.1552451,St Catherines & 7th
2014-02-27,,Severe,49.2681,-123.1528,Single Cyl,49.2642817,-123.1552451,St Catherines & 7th
2016-06-07,15:00-17:59,Severe,49.2682,-123.1575,Cyl-Ped,49.2642817,-123.1552451,St Catherines & 7th
2014-03-21,,Minor,49.2683,-123.1611,Cyl-Ped,49.2642817,-123.1552451,St Catherines & 7th
2015-10-02,15:00-17:59,Minor,49.2684,-123.1683,Cyl-Unk,49.2642817,-123.1552451,St Catherines & 7th
2015-04-30,12:00-14:59,Severe,49.2684,-123.1683,Cyl-Ped,49.2642817,-123.1552451,St Catherines & 7th
2013-09-08,3:00-5:59,Minor,49.2688,-123.1408,Single Cyl,49.2642817,-123.1552451,St Catherines & 7th
2017-05-28,,Minor,49.2697,-123.1408,Single Cyl,49.2642817,-123.1552451,St Catherines & 7th
2017-05-28,,Minor,49.2697,-123.1408,Single Cyl,49.2642817,-123.1552451,St Catherines & 7th
2017-08-31,15:00-17:59,Minor,49.2698,-123.1455,Cyl-Ped,49.2642817,-123.1552451,St Catherines & 7th
2013-07-06,15:00-17:59,Severe,49.2707,-123.1467,Cyl-Unk,49.2642817,-123.1552451,St Catherines & 7th
2016-09-01,3:00-5:59,Minor,49.2735,-123.1526,Single Cyl,49.2642817,-123.1552451,St Catherines & 7th
2017-05-29,21:00-23:59,Severe,49.2632,-123.1129,Single Cyl,49.26375,-123.110737,8th & Ash
2017-05-29,21:00-23:59,Severe,49.2632,-123.1129,Single Cyl,49.26375,-123.110737,8th & Ash
2016-04-22,,Severe,49.2632,-123.1129,Single Cyl,49.26375,-123.110737,8th & Ash
2014-08-03,15:00-17:59,Minor,49.2632,-123.1129,Single Cyl,49.26375,-123.110737,8th & Ash
2014-08-03,15:00-17:59,Minor,49.2632,-123.1129,Single Cyl,49.26375,-123.110737,8th & Ash
2017-08-12,18:00-20:59,Minor,49.2635,-123.1129,Single Cyl,49.26375,-123.110737,8th & Ash
2013-06-09,9:00-11:59,Minor,49.2621,-123.1069,Single Cyl,49.263672,-123.1011286,8th & Scotia
2016-04-22,9:00-11:59,Minor,49.2647,-123.1068,Cyl-Unk,49.263672,-123.1011286,8th & Scotia
2014-04-02,,Minor,49.2566,-123.0759,Single Cyl,49.2634299,-123.0913142,8th & Fraser
2014-11-11,,Minor,49.2624,-123.0736,Single Cyl,49.2634299,-123.0913142,8th & Fraser
2013-08-20,6:00-8:59,Minor,49.2624,-123.0736,Cyl-Unk,49.2634299,-123.0913142,8th & Fraser
2014-07-07,15:00-17:59,Minor,49.2721,-123.0599,Cyl-Cyl,49.2630218,-123.0719359,8th & Commercial
2015-11-26,18:00-20:59,Severe,49.2585,-123.107,Cyl-Ped,49.2626289,-123.1072362,10th & Ontario
2013-07-19,,Minor,49.2631,-123.1081,Cyl-Unk,49.2626289,-123.1072362,10th & Ontario
2014-07-01,,Minor,49.2631,-123.1095,Cyl-Unk,49.2626289,-123.1072362,10th & Ontario
2016-01-11,12:00-14:59,Minor,49.2631,-123.111,Cyl-Unk,49.2626289,-123.1072362,10th & Ontario
2015-10-09,0:00-2:59,Minor,49.2631,-123.111,Cyl-Unk,49.2626289,-123.1072362,10th & Ontario
2015-09-16,,Minor,49.2631,-123.111,Single Cyl,49.2626289,-123.1072362,10th & Ontario
2016-10-12,18:00-20:59,Minor,49.2648,-123.1094,Cyl-Ped,49.2626289,-123.1072362,10th & Ontario
2015-11-26,,Minor,49.2624,-123.123,Single Cyl,49.2624586,-123.1288529,10th & Oak
2016-03-26,,Minor,49.2595,-123.0659,Cyl-Unk,49.262409,-123.0835585,Glen & Broadway
2015-08-07,15:00-17:59,Minor,49.2595,-123.0659,Cyl-Unk,49.262409,-123.0835585,Glen & Broadway
2013-09-04,15:00-17:59,Minor,49.2632,-123.1149,Cyl-Unk,49.26224,-123.11484,10th & Cambie
2016-08-29,18:00-20:59,Minor,49.2633,-123.1175,Single Cyl,49.26224,-123.11484,10th & Cambie
2014-08-18,18:00-20:59,Severe,49.2633,-123.1175,Cyl-Cyl,49.26224,-123.11484,10th & Cambie
2015-10-18,0:00-2:59,Minor,49.2499,-123.0761,Cyl-Unk,49.2617659,-123.075646,Woodland & 10th
2017-07-23,,Severe,49.2501,-123.0761,Cyl-Cyl,49.2617659,-123.075646,Woodland & 10th
2017-07-11,15:00-17:59,Minor,49.2501,-123.0761,Cyl-Cyl,49.2617659,-123.075646,Woodland & 10th
2017-04-16,18:00-20:59,Minor,49.2501,-123.0761,Cyl-Unk,49.2617659,-123.075646,Woodland & 10th
2015-05-08,15:00-17:59,Minor,49.2501,-123.0761,Cyl-Unk,49.2617659,-123.075646,Woodland & 10th
2016-07-22,,Minor,49.2516,-123.0694,Cyl-Unk,49.2617659,-123.075646,Woodland & 10th
2016-09-27,,Minor,49.2623,-123.062,Cyl-Unk,49.2617659,-123.075646,Woodland & 10th
2014-10-01,15:00-17:59,Minor,49.2623,-123.062,Single Cyl,49.2617659,-123.075646,Woodland & 10th
2013-12-06,6:00-8:59,Minor,49.2623,-123.062,Cyl-Unk,49.2617659,-123.075646,Woodland & 10th
2013-10-10,12:00-14:59,Minor,49.2623,-123.062,Cyl-Ped,49.2617659,-123.075646,Woodland & 10th
2013-10-10,12:00-14:59,Minor,49.2623,-123.062,Cyl-Ped,49.2617659,-123.075646,Woodland & 10th
2017-12-13,6:00-8:59,Minor,49.2486,-123.0902,Cyl-Unk,49.2615334,-123.0912928,10th & Fraser
2015-09-16,9:00-11:59,Minor,49.2486,-123.0902,Cyl-Ped,49.2615334,-123.0912928,10th & Fraser
2014-12-20,6:00-8:59,Minor,49.2486,-123.0902,Single Cyl,49.2615334,-123.0912928,10th & Fraser
2014-04-04,15:00-17:59,Minor,49.2486,-123.0902,Cyl-Unk,49.2615334,-123.0912928,10th & Fraser
2017-03-22,15:00-17:59,Minor,49.2488,-123.101,Single Cyl,49.261533,-123.0978589,13th & St George
2016-10-28,12:00-14:59,Minor,49.2488,-123.101,Single Cyl,49.261533,-123.0978589,13th & St George
2014-08-28,6:00-8:59,Severe,49.2488,-123.101,Cyl-Unk,49.261533,-123.0978589,13th & St George
2014-06-14,12:00-14:59,Severe,49.2488,-123.101,Single Cyl,49.261533,-123.0978589,13th & St George
2013-06-04,3:00-5:59,Minor,49.2488,-123.101,Single Cyl,49.261533,-123.0978589,13th & St George
2017-10-04,18:00-20:59,Minor,49.2493,-123.0987,Cyl-Unk,49.261533,-123.0978589,13th & St George
2014-04-29,,Minor,49.25,-123.1074,Single Cyl,49.261533,-123.0978589,13th & St George
2017-04-27,15:00-17:59,Minor,49.248,-123.0713,Cyl-Unk,49.2613708,-123.0719851,10th & Commercial
2017-08-27,,Severe,49.2484,-123.0722,Single Cyl,49.2613708,-123.0719851,10th & Commercial
2015-10-14,,Severe,49.2484,-123.0722,Cyl-Unk,49.2613708,-123.0719851,10th & Commercial
2016-08-02,,Minor,49.2485,-123.0762,Single Cyl,49.2613708,-123.0719851,10th & Commercial
2015-10-16,,Minor,49.2485,-123.0762,Cyl-Unk,49.2613708,-123.0719851,10th & Commercial
2014-10-10,,Minor,49.2485,-123.0762,Single Cyl,49.2613708,-123.0719851,10th & Commercial
2013-07-20,18:00-20:59,Minor,49.2485,-123.0762,Single Cyl,49.2613708,-123.0719851,10th & Commercial
2015-01-29,21:00-23:59,Minor,49.2487,-123.0761,Cyl-Unk,49.2613708,-123.0719851,10th & Commercial
2014-06-18,0:00-2:59,Minor,49.2487,-123.0761,Cyl-Cyl,49.2613708,-123.0719851,10th & Commercial
2014-06-06,9:00-11:59,Severe,49.249,-123.0734,Single Cyl,49.2613708,-123.0719851,10th & Commercial
2013-06-07,9:00-11:59,Minor,49.249,-123.0734,Cyl-Unk,49.2613708,-123.0719851,10th & Commercial
2016-11-06,21:00-23:59,Minor,49.2519,-123.0652,Single Cyl,49.2613708,-123.0719851,10th & Commercial
2016-05-08,0:00-2:59,Minor,49.2535,-123.0566,Cyl-Unk,49.2613708,-123.0719851,10th & Commercial
2013-09-02,9:00-11:59,Minor,49.2535,-123.0566,Cyl-Ped,49.2613708,-123.0719851,10th & Commercial
2014-04-27,15:00-17:59,Severe,49.259,-123.0566,Single Cyl,49.2613708,-123.0719851,10th & Commercial
2013-10-19,9:00-11:59,Minor,49.262,-123.0547,Cyl-Unk,49.2613708,-123.0719851,10th & Commercial
2013-10-19,9:00-11:59,Minor,49.262,-123.0547,Cyl-Unk,49.2613708,-123.0719851,10th & Commercial
2014-03-12,18:00-20:59,Minor,49.2621,-123.0566,Cyl-Unk,49.2613708,-123.0719851,10th & Commercial
2015-07-10,6:00-8:59,Minor,49.2676,-123.0547,Cyl-Cyl,49.2613708,-123.0719851,10th & Commercial
2017-10-05,15:00-17:59,Minor,49.2604,-123.113,Cyl-Ped,49.260442,-123.113013,12th & Yukon
2015-10-06,,Minor,49.2604,-123.113,Cyl-Cyl,49.260442,-123.113013,12th & Yukon
2016-01-17,18:00-20:59,Minor,49.2605,-123.12,Single Cyl,49.2588394,-123.1220507,Heather & 14th
2013-11-11,15:00-17:59,Minor,49.2633,-123.1218,Cyl-Unk,49.2588394,-123.1220507,Heather & 14th
2013-11-02,18:00-20:59,Minor,49.2492,-123.1275,Cyl-Ped,49.2587844,-123.1337109,14th & Alder
2016-07-21,18:00-20:59,Minor,49.2526,-123.1274,Cyl-Ped,49.2587844,-123.1337109,14th & Alder
2013-07-12,18:00-20:59,Minor,49.2543,-123.1221,Cyl-Cyl,49.2587844,-123.1337109,14th & Alder
2016-01-07,6:00-8:59,Severe,49.248,-123.1204,Single Cyl,49.258739,-123.1289935,14th & Oak
2014-08-25,21:00-23:59,Severe,49.2634,-123.1242,Single Cyl,49.258739,-123.1289935,14th & Oak
2013-04-28,0:00-2:59,Minor,49.2634,-123.1242,Single Cyl,49.258739,-123.1289935,14th & Oak
2014-08-06,18:00-20:59,Minor,49.254,-123.1152,Cyl-Cyl,49.2584708,-123.1072749,Ontario & 16th
2016-04-04,,Minor,49.2512,-123.1153,Single Cyl,49.2583981,-123.1034651,14th & Main
2014-08-11,9:00-11:59,Minor,49.2539,-123.1139,Cyl-Unk,49.2583981,-123.1034651,14th & Main
2014-10-10,,Minor,49.2441,-123.1534,Cyl-Cyl,49.2572832,-123.1551807,Arbutus & 16th
2016-04-20,,Minor,49.2476,-123.1533,Cyl-Ped,49.2572832,-123.1551807,Arbutus & 16th
2015-11-26,6:00-8:59,Minor,49.2498,-123.1593,Single Cyl,49.2572832,-123.1551807,Arbutus & 16th
2014-08-21,18:00-20:59,Minor,49.2498,-123.1593,Single Cyl,49.2572832,-123.1551807,Arbutus & 16th
2013-05-07,18:00-20:59,Minor,49.2505,-123.1725,Cyl-Unk,49.2572832,-123.1551807,Arbutus & 16th
2014-03-17,15:00-17:59,Severe,49.2537,-123.1701,Cyl-Cyl,49.2572832,-123.1551807,Arbutus & 16th
2014-12-22,,Minor,49.2452,-123.1533,Single Cyl,49.2572088,-123.1505587,Cypress & 16th
2017-05-23,12:00-14:59,Minor,49.2445,-123.1277,Cyl-Unk,49.2570021,-123.1223009,Heather & 16th
2017-05-23,12:00-14:59,Minor,49.2445,-123.1277,Cyl-Unk,49.2570021,-123.1223009,Heather & 16th
2017-07-16,21:00-23:59,Minor,49.2452,-123.1156,Cyl-Unk,49.2570021,-123.1223009,Heather & 16th
2016-11-07,,Severe,49.2456,-123.1155,Single Cyl,49.2570021,-123.1223009,Heather & 16th
2015-08-05,21:00-23:59,Minor,49.247,-123.1155,Cyl-Unk,49.2570021,-123.1223009,Heather & 16th
2013-07-11,9:00-11:59,Severe,49.2577,-123.1201,Single Cyl,49.2570021,-123.1223009,Heather & 16th
2016-10-24,21:00-23:59,Minor,49.2462,-123.1501,Cyl-Unk,49.2565863,-123.1459831,15th & Knight
2016-09-16,12:00-14:59,Minor,49.2494,-123.1391,Cyl-Unk,49.2565863,-123.1459831,15th & Knight
2015-08-09,9:00-11:59,Minor,49.2494,-123.1391,Cyl-Unk,49.2565863,-123.1459831,15th & Knight
2014-08-26,12:00-14:59,Minor,49.2494,-123.1391,Cyl-Ped,49.2565863,-123.1459831,15th & Knight
2016-05-17,,Minor,49.2508,-123.139,Cyl-Unk,49.2565863,-123.1459831,15th & Knight
2016-03-05,21:00-23:59,Minor,49.2508,-123.139,Single Cyl,49.2565863,-123.1459831,15th & Knight
2013-04-22,15:00-17:59,Minor,49.2529,-123.1485,Single Cyl,49.2565863,-123.1459831,15th & Knight
2013-05-20,15:00-17:59,Severe,49.2535,-123.153,Single Cyl,49.2565863,-123.1459831,15th & Knight
2014-01-16,15:00-17:59,Minor,49.2554,-123.1568,Cyl-Ped,49.2565863,-123.1459831,15th & Knight
2014-08-09,21:00-23:59,Minor,49.2571,-123.1413,Cyl-Unk,49.2565863,-123.1459831,15th & Knight
2016-05-07,6:00-8:59,Minor,49.258,-123.1375,Cyl-Unk,49.2565863,-123.1459831,15th & Knight
2015-06-20,0:00-2:59,Minor,49.258,-123.1412,Cyl-Unk,49.2565863,-123.1459831,15th & Knight
2017-07-26,,Severe,49.2607,-123.1362,Cyl-Cyl,49.2565863,-123.1459831,15th & Knight
2016-10-11,,Minor,49.2607,-123.1362,Cyl-Cyl,49.2565863,-123.1459831,15th & Knight
2017-07-20,,Minor,49.2608,-123.1387,Single Cyl,49.2565863,-123.1459831,15th & Knight
2014-09-05,21:00-23:59,Severe,49.2608,-123.1387,Cyl-Unk,49.2565863,-123.1459831,15th & Knight
2014-06-21,12:00-14:59,Severe,49.261,-123.153,Single Cyl,49.2565863,-123.1459831,15th & Knight
2015-08-07,12:00-14:59,Minor,49.2617,-123.1386,Single Cyl,49.2565863,-123.1459831,15th & Knight
2015-06-06,,Minor,49.2617,-123.1386,Cyl-Cyl,49.2565863,-123.1459831,15th & Knight
2015-02-06,15:00-17:59,Minor,49.2617,-123.1386,Cyl-Unk,49.2565863,-123.1459831,15th & Knight
2013-12-19,12:00-14:59,Minor,49.2617,-123.1386,Single Cyl,49.2565863,-123.1459831,15th & Knight
2017-07-29,12:00-14:59,Minor,49.2621,-123.1625,Single Cyl,49.2565863,-123.1459831,15th & Knight
2017-08-24,9:00-11:59,Severe,49.2626,-123.1386,Cyl-Cyl,49.2565863,-123.1459831,15th & Knight
2017-04-17,15:00-17:59,Severe,49.2636,-123.1361,Cyl-Unk,49.2565863,-123.1459831,15th & Knight
2016-10-03,,Minor,49.2636,-123.1361,Cyl-Unk,49.2565863,-123.1459831,15th & Knight
2015-11-14,12:00-14:59,Minor,49.2636,-123.1361,Cyl-Cyl,49.2565863,-123.1459831,15th & Knight
2015-05-27,15:00-17:59,Minor,49.2636,-123.1361,Single Cyl,49.2565863,-123.1459831,15th & Knight
2013-07-26,18:00-20:59,Minor,49.2636,-123.1361,Cyl-Unk,49.2565863,-123.1459831,15th & Knight
2016-06-11,15:00-17:59,Minor,49.2636,-123.1386,Cyl-Unk,49.2565863,-123.1459831,15th & Knight
2016-04-03,,Minor,49.2636,-123.1386,Single Cyl,49.2565863,-123.1459831,15th & Knight
2014-12-14,9:00-11:59,Severe,49.2636,-123.1386,Cyl-Unk,49.2565863,-123.1459831,15th & Knight
2014-03-06,15:00-17:59,Minor,49.2636,-123.1386,Cyl-Unk,49.2565863,-123.1459831,15th & Knight
2016-05-27,12:00-14:59,Severe,49.2636,-123.141,Cyl-Unk,49.2565863,-123.1459831,15th & Knight
2017-09-29,15:00-17:59,Minor,49.2637,-123.1434,Cyl-Unk,49.2565863,-123.1459831,15th & Knight
2013-11-02,9:00-11:59,Minor,49.2637,-123.1458,Single Cyl,49.2565863,-123.1459831,15th & Knight
2013-01-11,21:00-23:59,Severe,49.2638,-123.1505,Single Cyl,49.2565863,-123.1459831,15th & Knight
2014-11-28,18:00-20:59,Minor,49.2638,-123.1529,Cyl-Unk,49.2565863,-123.1459831,15th & Knight
2013-07-29,15:00-17:59,Minor,49.2638,-123.1529,Cyl-Unk,49.2565863,-123.1459831,15th & Knight
2013-02-28,12:00-14:59,Minor,49.2638,-123.1529,Cyl-Unk,49.2565863,-123.1459831,15th & Knight
2013-08-19,,Minor,49.2638,-123.1541,Cyl-Unk,49.2565863,-123.1459831,15th & Knight
2015-09-27,0:00-2:59,Minor,49.2653,-123.136,Cyl-Unk,49.2565863,-123.1459831,15th & Knight
2015-02-15,9:00-11:59,Minor,49.2654,-123.141,Single Cyl,49.2565863,-123.1459831,15th & Knight
2016-07-30,18:00-20:59,Minor,49.2662,-123.1385,Cyl-Unk,49.2565863,-123.1459831,15th & Knight
2016-07-17,18:00-20:59,Severe,49.2679,-123.1409,Cyl-Cyl,49.2565863,-123.1459831,15th & Knight
2016-07-17,,Minor,49.2679,-123.1409,Single Cyl,49.2565863,-123.1459831,15th & Knight
2015-08-12,18:00-20:59,Minor,49.2679,-123.1409,Cyl-Ped,49.2565863,-123.1459831,15th & Knight
2016-10-17,9:00-11:59,Minor,49.268,-123.1432,Cyl-Unk,49.2565863,-123.1459831,15th & Knight
2016-08-11,,Minor,49.268,-123.1432,Cyl-Ped,49.2565863,-123.1459831,15th & Knight
2014-07-17,,Minor,49.2688,-123.142,Cyl-Ped,49.2565863,-123.1459831,15th & Knight
2014-04-12,0:00-2:59,Minor,49.2689,-123.1456,Cyl-Unk,49.2565863,-123.1459831,15th & Knight
2014-02-17,,Minor,49.2689,-123.1456,Cyl-Cyl,49.2565863,-123.1459831,15th & Knight
2015-08-19,,Minor,49.2404,-123.0969,Cyl-Cyl,49.2536785,-123.0978184,Glen & Union
2013-07-31,18:00-20:59,Severe,49.2404,-123.0969,Single Cyl,49.2536785,-123.0978184,Glen & Union
2016-04-11,,Minor,49.2404,-123.0988,Single Cyl,49.2536785,-123.0978184,Glen & Union
2017-09-16,15:00-17:59,Minor,49.2405,-123.1015,Single Cyl,49.2536785,-123.0978184,Glen & Union
2017-01-06,,Minor,49.2405,-123.1015,Single Cyl,49.2536785,-123.0978184,Glen & Union
2015-03-25,9:00-11:59,Minor,49.2405,-123.1015,Cyl-Cyl,49.2536785,-123.0978184,Glen & Union
2014-06-26,6:00-8:59,Minor,49.2426,-123.0903,Cyl-Cyl,49.2536785,-123.0978184,Glen & Union
2013-10-19,21:00-23:59,Severe,49.2426,-123.0916,Cyl-Unk,49.2536785,-123.0978184,Glen & Union
2013-10-19,21:00-23:59,Severe,49.2426,-123.0916,Cyl-Unk,49.2536785,-123.0978184,Glen & Union
2013-08-28,,Minor,49.2445,-123.1013,Cyl-Unk,49.2536785,-123.0978184,Glen & Union
2016-08-20,,Minor,49.2457,-123.0969,Single Cyl,49.2536785,-123.0978184,Glen & Union
2016-08-18,,Minor,49.2457,-123.0969,Single Cyl,49.2536785,-123.0978184,Glen & Union
2015-08-02,,Minor,49.2457,-123.0969,Cyl-Unk,49.2536785,-123.0978184,Glen & Union
2016-06-18,,Minor,49.2476,-123.0902,Single Cyl,49.2536785,-123.0978184,Glen & Union
2016-05-07,15:00-17:59,Severe,49.2479,-123.1122,Cyl-Unk,49.2536785,-123.0978184,Glen & Union
2013-05-17,,Minor,49.248,-123.1011,Cyl-Unk,49.2536785,-123.0978184,Glen & Union
2015-11-05,9:00-11:59,Minor,49.2485,-123.08,Single Cyl,49.2536785,-123.0978184,Glen & Union
2016-09-27,18:00-20:59,Minor,49.2486,-123.0829,Cyl-Unk,49.2536785,-123.0978184,Glen & Union
2017-10-09,,Severe,49.2486,-123.0878,Single Cyl,49.2536785,-123.0978184,Glen & Union
2015-04-14,,Minor,49.2488,-123.1041,Cyl-Cyl,49.2536785,-123.0978184,Glen & Union
2014-07-08,,Severe,49.2489,-123.1074,Cyl-Cyl,49.2536785,-123.0978184,Glen & Union
2016-07-21,6:00-8:59,Minor,49.2489,-123.1122,Cyl-Unk,49.2536785,-123.0978184,Glen & Union
2014-10-25,,Minor,49.249,-123.1154,Cyl-Cyl,49.2536785,-123.0978184,Glen & Union
2014-06-18,0:00-2:59,Minor,49.2501,-123.1128,Cyl-Cyl,49.2536785,-123.0978184,Glen & Union
2016-05-10,,Severe,49.1982,-123.1241,Single Cyl,0,0,0
2016-03-15,18:00-20:59,Minor,49.1982,-123.1241,Cyl-Ped,0,0,0
2016-04-28,,Minor,49.1994,-123.1358,Cyl-Unk,0,0,0
2017-09-20,21:00-23:59,Minor,49.2029,-123.0774,Cyl-Unk,0,0,0
2017-09-16,,Minor,49.2029,-123.0774,Single Cyl,0,0,0
2017-08-15,,Severe,49.2029,-123.0774,Cyl-Cyl,0,0,0
2016-08-06,18:00-20:59,Minor,49.2029,-123.0774,Cyl-Unk,0,0,0
2016-06-11,21:00-23:59,Minor,49.2029,-123.0774,Single Cyl,0,0,0
2016-04-09,0:00-2:59,Minor,49.2029,-123.0774,Cyl-Unk,0,0,0
2016-02-26,,Minor,49.2029,-123.0774,Single Cyl,0,0,0
2014-11-13,18:00-20:59,Minor,49.2029,-123.0774,Cyl-Ped,0,0,0
2014-01-16,18:00-20:59,Minor,49.2029,-123.0774,Cyl-Cyl,0,0,0
2013-06-30,21:00-23:59,Minor,49.2029,-123.0774,Cyl-Unk,0,0,0
2013-06-19,9:00-11:59,Minor,49.2029,-123.0774,Cyl-Cyl,0,0,0
2013-06-16,9:00-11:59,Minor,49.2029,-123.0774,Cyl-Unk,0,0,0
2013-03-31,9:00-11:59,Minor,49.2029,-123.0774,Cyl-Unk,0,0,0
2016-05-18,,Minor,49.2045,-123.1363,Single Cyl,0,0,0
2017-09-28,18:00-20:59,Minor,49.2046,-123.1304,Cyl-Unk,0,0,0
2017-09-11,6:00-8:59,Minor,49.2046,-123.1304,Single Cyl,0,0,0
2015-12-30,0:00-2:59,Minor,49.2046,-123.1304,Cyl-Unk,0,0,0
2015-12-16,6:00-8:59,Minor,49.2046,-123.1304,Single Cyl,0,0,0
2013-07-24,,Minor,49.2051,-123.1406,Cyl-Unk,0,0,0
2016-09-13,12:00-14:59,Minor,49.2057,-123.1347,Cyl-Cyl,0,0,0
2015-12-09,,Minor,49.2057,-123.1347,Single Cyl,0,0,0
2015-10-30,6:00-8:59,Minor,49.2057,-123.1347,Single Cyl,0,0,0
2013-03-02,,Minor,49.2061,-123.1234,Cyl-Ped,0,0,0
2014-06-12,,Minor,49.207,-123.1347,Single Cyl,0,0,0
2013-08-13,15:00-17:59,Minor,49.207,-123.1347,Cyl-Unk,0,0,0
2017-12-03,18:00-20:59,Minor,49.2071,-123.1244,Single Cyl,0,0,0
2016-07-12,,Minor,49.2071,-123.1406,Single Cyl,0,0,0
2013-10-02,18:00-20:59,Severe,49.2077,-123.123,Cyl-Unk,0,0,0
2013-10-02,18:00-20:59,Severe,49.2077,-123.123,Cyl-Unk,0,0,0
2013-09-11,15:00-17:59,Minor,49.2078,-123.1405,Cyl-Ped,0,0,0
2017-10-07,,Minor,49.2081,-123.0423,Single Cyl,0,0,0
2015-07-29,12:00-14:59,Minor,49.2085,-123.1302,Cyl-Ped,0,0,0
2016-08-20,,Minor,49.2085,-123.1316,Cyl-Unk,0,0,0
2015-10-05,,Minor,49.2086,-123.1422,Cyl-Ped,0,0,0
2015-06-11,,Minor,49.2086,-123.1405,Cyl-Unk,0,0,0
2013-12-18,12:00-14:59,Minor,49.2093,-123.078,Single Cyl,0,0,0
2015-07-08,,Severe,49.2097,-123.1182,Cyl-Unk,0,0,0
2017-09-04,,Minor,49.2097,-123.0661,Cyl-Unk,0,0,0
2014-09-23,9:00-11:59,Minor,49.2097,-123.0661,Single Cyl,0,0,0
2014-07-25,0:00-2:59,Minor,49.2101,-123.1171,Single Cyl,0,0,0
2015-12-10,18:00-20:59,Minor,49.2103,-123.0678,Cyl-Unk,0,0,0
2017-07-11,21:00-23:59,Severe,49.2107,-123.1302,Cyl-Ped,0,0,0
2016-10-19,,Minor,49.2107,-123.1302,Single Cyl,0,0,0
2016-10-17,,Minor,49.2107,-123.1302,Cyl-Ped,0,0,0
2014-08-21,15:00-17:59,Minor,49.2107,-123.1302,Single Cyl,0,0,0
2014-04-24,12:00-14:59,Minor,49.2107,-123.1302,Cyl-Ped,0,0,0
2013-06-28,15:00-17:59,Minor,49.2107,-123.1302,Single Cyl,0,0,0
2016-12-12,18:00-20:59,Minor,49.2108,-123.1003,Single Cyl,0,0,0
2017-10-30,12:00-14:59,Minor,49.211,-123.0911,Single Cyl,0,0,0
2015-04-26,,Severe,49.211,-123.0911,Cyl-Unk,0,0,0
2017-04-23,9:00-11:59,Minor,49.211,-123.0721,Single Cyl,0,0,0
2016-04-15,6:00-8:59,Minor,49.2111,-123.0807,Cyl-Unk,0,0,0
2013-10-04,18:00-20:59,Minor,49.2111,-123.081,Single Cyl,0,0,0
2013-10-04,18:00-20:59,Minor,49.2111,-123.081,Single Cyl,0,0,0
2013-08-24,,Minor,49.2111,-123.081,Single Cyl,0,0,0
2014-11-06,15:00-17:59,Minor,49.2111,-123.0831,Single Cyl,0,0,0
2017-10-12,6:00-8:59,Minor,49.2118,-123.1485,Cyl-Ped,0,0,0
2013-05-17,,Minor,49.2123,-123.1404,Cyl-Cyl,0,0,0
2015-09-11,15:00-17:59,Minor,49.2123,-123.117,Single Cyl,0,0,0
2015-08-11,,Minor,49.2123,-123.117,Cyl-Cyl,0,0,0
2017-04-08,3:00-5:59,Minor,49.2129,-123.0741,Cyl-Unk,0,0,0
2014-04-30,6:00-8:59,Minor,49.2129,-123.0771,Cyl-Unk,0,0,0
2014-01-23,12:00-14:59,Minor,49.2129,-123.0771,Cyl-Ped,0,0,0
2014-11-15,9:00-11:59,Severe,49.213,-123.1301,Single Cyl,0,0,0
2013-07-02,18:00-20:59,Minor,49.213,-123.091,Single Cyl,0,0,0
2013-09-09,12:00-14:59,Minor,49.213,-123.1328,Cyl-Cyl,0,0,0
2015-06-11,9:00-11:59,Minor,49.2131,-123.139,Single Cyl,0,0,0
2015-08-23,9:00-11:59,Minor,49.2131,-123.1404,Single Cyl,0,0,0
2017-09-26,15:00-17:59,Minor,49.2138,-123.0771,Cyl-Cyl,0,0,0
2016-07-26,6:00-8:59,Minor,49.2139,-123.0895,Mot-Cyl,0,0,0
2013-05-06,15:00-17:59,Minor,49.2142,-123.091,Single Cyl,0,0,0
2015-12-12,12:00-14:59,Minor,49.2145,-123.13,Cyl-Unk,0,0,0
2013-08-18,15:00-17:59,Minor,49.2146,-123.072,Single Cyl,0,0,0
2016-11-28,,Minor,49.2146,-123.0771,Single Cyl,0,0,0
2014-09-16,6:00-8:59,Minor,49.2147,-123.0801,Cyl-Unk,0,0,0
2013-05-10,12:00-14:59,Minor,49.2147,-123.1099,Cyl-Unk,0,0,0
2014-09-02,15:00-17:59,Severe,49.2148,-123.0236,Cyl-Ped,0,0,0
2013-09-17,18:00-20:59,Minor,49.2148,-123.091,Single Cyl,0,0,0
2013-04-24,,Minor,49.2149,-123.1403,Cyl-Unk,0,0,0
2017-01-15,18:00-20:59,Minor,49.215,-123.072,Cyl-Cyl,0,0,0
2016-08-21,12:00-14:59,Minor,49.2156,-123.1341,Cyl-Unk,0,0,0
2017-08-09,,Severe,49.2157,-123.096,Cyl-Unk,0,0,0
2015-02-01,12:00-14:59,Minor,49.2159,-123.1403,Cyl-Unk,0,0,0
2014-10-04,,Minor,49.216,-123.1355,Single Cyl,0,0,0
2017-04-10,21:00-23:59,Minor,49.2168,-123.102,Cyl-Unk,0,0,0
2016-10-31,6:00-8:59,Minor,49.2168,-123.102,Single Cyl,0,0,0
2013-08-01,12:00-14:59,Severe,49.2168,-123.1402,Cyl-Cyl,0,0,0
2016-05-03,6:00-8:59,Minor,49.2169,-123.1169,Single Cyl,0,0,0
2014-01-24,,Minor,49.2169,-123.1169,Cyl-Ped,0,0,0
2015-08-22,,Minor,49.2171,-123.1293,Single Cyl,0,0,0
2014-03-26,,Minor,49.2171,-123.1293,Cyl-Unk,0,0,0
2016-08-19,6:00-8:59,Minor,49.2174,-123.1402,Cyl-Unk,0,0,0
2014-04-26,3:00-5:59,Minor,49.2174,-123.1402,Cyl-Unk,0,0,0
2013-08-12,21:00-23:59,Minor,49.2174,-123.1402,Single Cyl,0,0,0
2014-10-17,12:00-14:59,Minor,49.2181,-123.074,Cyl-Ped,0,0,0
2017-10-30,6:00-8:59,Minor,49.2181,-123.077,Cyl-Unk,0,0,0
2017-08-04,18:00-20:59,Minor,49.2181,-123.077,Cyl-Unk,0,0,0
2015-09-09,15:00-17:59,Minor,49.2181,-123.077,Cyl-Cyl,0,0,0
2015-08-22,15:00-17:59,Minor,49.2181,-123.077,Cyl-Unk,0,0,0
2015-04-10,,Minor,49.2181,-123.077,Single Cyl,0,0,0
2013-06-04,,Minor,49.2181,-123.077,Cyl-Cyl,0,0,0
2013-01-14,9:00-11:59,Severe,49.2181,-123.077,Single Cyl,0,0,0
2017-10-24,,Minor,49.2183,-123.091,Cyl-Ped,0,0,0
2013-09-12,12:00-14:59,Minor,49.2183,-123.091,Cyl-Unk,0,0,0
2015-03-01,9:00-11:59,Minor,49.2184,-123.0963,Cyl-Unk,0,0,0
2016-05-15,,Minor,49.2184,-123.0978,Single Cyl,0,0,0
2015-10-03,12:00-14:59,Minor,49.2185,-123.1019,Cyl-Unk,0,0,0
2015-05-27,,Minor,49.2185,-123.1019,Single Cyl,0,0,0
2015-05-26,12:00-14:59,Minor,49.2185,-123.1019,Single Cyl,0,0,0
2017-05-27,,Minor,49.2192,-123.1286,Cyl-Unk,0,0,0
2017-05-27,,Minor,49.2192,-123.1286,Cyl-Unk,0,0,0
2016-04-03,12:00-14:59,Minor,49.2192,-123.1286,Cyl-Unk,0,0,0
2015-02-20,3:00-5:59,Minor,49.2192,-123.1286,Cyl-Cyl,0,0,0
2014-07-12,3:00-5:59,Minor,49.2192,-123.1286,Cyl-Cyl,0,0,0
2013-10-06,,Minor,49.2192,-123.1286,Cyl-Unk,0,0,0
2013-10-06,,Minor,49.2192,-123.1286,Cyl-Unk,0,0,0
2013-04-30,,Minor,49.2192,-123.1313,Cyl-Unk,0,0,0
2016-03-26,,Minor,49.2194,-123.1401,Single Cyl,0,0,0
2014-10-29,21:00-23:59,Minor,49.2194,-123.1401,Cyl-Cyl,0,0,0
2014-08-23,,Minor,49.2195,-123.1545,Cyl-Unk,0,0,0
2013-04-12,15:00-17:59,Minor,49.2195,-123.1545,Cyl-Unk,0,0,0
2016-11-10,12:00-14:59,Minor,49.2199,-123.1401,Single Cyl,0,0,0
2016-08-26,0:00-2:59,Minor,49.2202,-123.0413,Cyl-Unk,0,0,0
2015-03-11,21:00-23:59,Minor,49.2202,-123.0413,Cyl-Unk,0,0,0
2013-05-04,3:00-5:59,Minor,49.2207,-123.1586,Cyl-Ped,0,0,0
2016-06-01,12:00-14:59,Severe,49.2217,-123.1401,Single Cyl,0,0,0
2016-12-17,12:00-14:59,Minor,49.2218,-123.0909,Single Cyl,0,0,0
2015-07-21,,Minor,49.2218,-123.0774,Single Cyl,0,0,0
2013-01-16,9:00-11:59,Minor,49.2218,-123.0774,Cyl-Unk,0,0,0
2016-04-02,15:00-17:59,Minor,49.2226,-123.14,Single Cyl,0,0,0
2016-04-17,0:00-2:59,Minor,49.2238,-123.1237,Cyl-Unk,0,0,0
2017-05-21,15:00-17:59,Minor,49.2242,-123.1467,Cyl-Cyl,0,0,0
2017-05-21,15:00-17:59,Minor,49.2242,-123.1467,Cyl-Cyl,0,0,0
2016-04-30,9:00-11:59,Minor,49.2242,-123.1017,Cyl-Cyl,0,0,0
2015-10-06,18:00-20:59,Minor,49.2247,-123.1017,Single Cyl,0,0,0
2016-08-13,12:00-14:59,Minor,49.2247,-123.0457,Cyl-Unk,0,0,0
2014-07-25,,Severe,49.2247,-123.041,Cyl-Cyl,0,0,0
2013-08-10,21:00-23:59,Severe,49.2247,-123.041,Single Cyl,0,0,0
2015-07-24,3:00-5:59,Minor,49.2252,-123.0699,Cyl-Unk,0,0,0
2014-08-07,21:00-23:59,Minor,49.2253,-123.0773,Cyl-Unk,0,0,0
2013-09-19,,Minor,49.2253,-123.0773,Single Cyl,0,0,0
2013-09-05,,Minor,49.2253,-123.0773,Cyl-Cyl,0,0,0
2013-08-24,15:00-17:59,Minor,49.2253,-123.0773,Cyl-Unk,0,0,0
2016-03-22,15:00-17:59,Minor,49.2253,-123.0801,Single Cyl,0,0,0
2015-04-25,9:00-11:59,Severe,49.2253,-123.0801,Single Cyl,0,0,0
2014-10-23,6:00-8:59,Minor,49.2253,-123.0801,Cyl-Unk,0,0,0
2014-02-08,18:00-20:59,Minor,49.2253,-123.0801,Cyl-Ped,0,0,0
2013-09-21,12:00-14:59,Minor,49.2253,-123.0801,Single Cyl,0,0,0
2017-12-10,,Minor,49.2254,-123.0503,Cyl-Cyl,0,0,0
2014-07-29,,Severe,49.2254,-123.088,Cyl-Unk,0,0,0
2017-11-20,,Minor,49.2255,-123.0908,Cyl-Ped,0,0,0
2016-05-30,9:00-11:59,Minor,49.2255,-123.0908,Single Cyl,0,0,0
2013-10-17,,Minor,49.2255,-123.0908,Cyl-Unk,0,0,0
2013-10-17,,Minor,49.2255,-123.0908,Cyl-Unk,0,0,0
2013-10-05,15:00-17:59,Severe,49.2255,-123.0908,Single Cyl,0,0,0
2013-10-05,15:00-17:59,Severe,49.2255,-123.0908,Single Cyl,0,0,0
2013-08-12,6:00-8:59,Minor,49.2255,-123.0908,Cyl-Ped,0,0,0
2014-11-20,18:00-20:59,Minor,49.2256,-123.0975,Cyl-Cyl,0,0,0
2017-10-01,,Minor,49.2256,-123.0996,Cyl-Ped,0,0,0
2015-10-17,12:00-14:59,Minor,49.2257,-123.1016,Cyl-Unk,0,0,0
2014-10-02,21:00-23:59,Minor,49.2257,-123.1016,Cyl-Cyl,0,0,0
2013-01-27,18:00-20:59,Minor,49.2257,-123.1016,Cyl-Ped,0,0,0
2014-07-29,18:00-20:59,Severe,49.226,-123.113,Cyl-Unk,0,0,0
2014-12-26,18:00-20:59,Minor,49.226,-123.0908,Single Cyl,0,0,0
2017-07-13,,Minor,49.2261,-123.1165,Single Cyl,0,0,0
2016-02-21,,Minor,49.2261,-123.1165,Cyl-Unk,0,0,0
2014-09-24,,Minor,49.2261,-123.1165,Cyl-Cyl,0,0,0
2013-10-20,,Severe,49.2261,-123.1165,Cyl-Unk,0,0,0
2013-10-20,,Severe,49.2261,-123.1165,Cyl-Unk,0,0,0
2013-09-28,,Severe,49.2261,-123.1165,Single Cyl,0,0,0
2013-12-20,,Minor,49.2264,-123.1252,Cyl-Unk,0,0,0
2015-08-19,9:00-11:59,Minor,49.2265,-123.1974,Cyl-Unk,0,0,0
2017-12-13,6:00-8:59,Minor,49.2266,-123.1283,Cyl-Unk,0,0,0
2017-05-04,12:00-14:59,Minor,49.2266,-123.1283,Single Cyl,0,0,0
2017-05-04,12:00-14:59,Minor,49.2266,-123.1283,Single Cyl,0,0,0
2016-07-03,,Minor,49.2266,-123.1283,Cyl-Cyl,0,0,0
2016-02-21,12:00-14:59,Severe,49.2266,-123.1283,Cyl-Cyl,0,0,0
2013-03-12,,Minor,49.2266,-123.1283,Single Cyl,0,0,0
2014-07-27,9:00-11:59,Minor,49.2268,-123.0532,Cyl-Unk,0,0,0
2017-12-13,9:00-11:59,Minor,49.2269,-123.1374,Single Cyl,0,0,0
2014-12-04,18:00-20:59,Minor,49.2269,-123.1374,Cyl-Ped,0,0,0
2017-08-01,,Severe,49.227,-123.1398,Cyl-Ped,0,0,0
2014-08-28,18:00-20:59,Severe,49.227,-123.1398,Cyl-Unk,0,0,0
2014-02-11,6:00-8:59,Minor,49.227,-123.1398,Single Cyl,0,0,0
2013-10-21,12:00-14:59,Minor,49.227,-123.1398,Cyl-Unk,0,0,0
2013-10-21,12:00-14:59,Minor,49.227,-123.1398,Cyl-Unk,0,0,0
2013-04-29,9:00-11:59,Minor,49.227,-123.1398,Cyl-Unk,0,0,0
2013-04-05,15:00-17:59,Minor,49.227,-123.1398,Cyl-Cyl,0,0,0
2015-03-20,0:00-2:59,Severe,49.2272,-123.1552,Cyl-Ped,0,0,0
2013-05-02,9:00-11:59,Minor,49.2273,-123.1662,Cyl-Unk,0,0,0
2017-04-21,,Minor,49.2274,-123.1714,Cyl-Unk,0,0,0
2015-07-04,9:00-11:59,Minor,49.2274,-123.0907,Cyl-Cyl,0,0,0
2014-07-13,6:00-8:59,Severe,49.2274,-123.0907,Single Cyl,0,0,0
2013-07-15,,Minor,49.2282,-123.1736,Single Cyl,0,0,0
2017-09-18,15:00-17:59,Severe,49.2285,-123.1015,Cyl-Unk,0,0,0
2016-07-21,,Minor,49.2285,-123.1788,Cyl-Cyl,0,0,0
2013-04-04,,Minor,49.2288,-123.1435,Cyl-Cyl,0,0,0
2013-10-04,6:00-8:59,Minor,49.229,-123.073,Single Cyl,0,0,0
2013-10-04,6:00-8:59,Minor,49.229,-123.073,Single Cyl,0,0,0
2015-09-15,12:00-14:59,Minor,49.2291,-123.0893,Cyl-Ped,0,0,0
2017-09-04,,Minor,49.2292,-123.0236,Single Cyl,0,0,0
2017-08-17,,Severe,49.2293,-123.0403,Single Cyl,0,0,0
2013-07-11,0:00-2:59,Minor,49.2293,-123.0431,Cyl-Unk,0,0,0
2016-11-10,9:00-11:59,Minor,49.2293,-123.1282,Cyl-Ped,0,0,0
2015-06-14,12:00-14:59,Severe,49.2298,-123.1163,Single Cyl,0,0,0
2014-06-02,18:00-20:59,Minor,49.2298,-123.1163,Cyl-Ped,0,0,0
2013-06-06,12:00-14:59,Minor,49.2299,-123.1557,Single Cyl,0,0,0
2015-12-16,3:00-5:59,Minor,49.2303,-123.132,Single Cyl,0,0,0
2015-05-22,0:00-2:59,Minor,49.2306,-123.1397,Single Cyl,0,0,0
2014-09-13,3:00-5:59,Minor,49.2306,-123.1397,Single Cyl,0,0,0
2013-01-08,12:00-14:59,Minor,49.2306,-123.1397,Cyl-Cyl,0,0,0
2016-01-14,,Minor,49.2309,-123.1551,Single Cyl,0,0,0
2013-09-24,,Minor,49.2309,-123.1551,Single Cyl,0,0,0
2016-12-22,9:00-11:59,Minor,49.2309,-123.1014,Single Cyl,0,0,0
2013-10-09,15:00-17:59,Minor,49.2316,-123.1163,Single Cyl,0,0,0
2013-10-09,15:00-17:59,Minor,49.2316,-123.1163,Single Cyl,0,0,0
2016-04-13,9:00-11:59,Severe,49.2321,-123.0656,Cyl-Ped,0,0,0
2015-06-10,0:00-2:59,Minor,49.2321,-123.0656,Single Cyl,0,0,0
2016-08-28,,Minor,49.2321,-123.1281,Cyl-Cyl,0,0,0
2017-11-25,,Minor,49.2323,-123.0236,Single Cyl,0,0,0
2017-08-29,15:00-17:59,Severe,49.2323,-123.0236,Cyl-Ped,0,0,0
2017-07-09,,Minor,49.2323,-123.0236,Single Cyl,0,0,0
2016-05-29,15:00-17:59,Minor,49.2323,-123.0236,Cyl-Unk,0,0,0
2015-01-22,9:00-11:59,Minor,49.2325,-123.1162,Cyl-Unk,0,0,0
2015-06-21,12:00-14:59,Minor,49.2325,-123.1281,Cyl-Unk,0,0,0
2017-12-31,,Minor,49.2326,-123.1037,Single Cyl,0,0,0
2017-08-12,21:00-23:59,Minor,49.2327,-123.0729,Cyl-Unk,0,0,0
2017-01-29,,Minor,49.2327,-123.077,Cyl-Unk,0,0,0
2015-02-01,,Severe,49.2327,-123.077,Single Cyl,0,0,0
2014-09-02,6:00-8:59,Minor,49.2327,-123.077,Single Cyl,0,0,0
2014-07-03,18:00-20:59,Minor,49.2327,-123.077,Single Cyl,0,0,0
2013-11-06,12:00-14:59,Minor,49.2327,-123.077,Single Cyl,0,0,0
2016-06-30,12:00-14:59,Minor,49.2327,-123.1556,Cyl-Ped,0,0,0
2015-10-18,18:00-20:59,Minor,49.2327,-123.0784,Single Cyl,0,0,0
2017-07-25,21:00-23:59,Minor,49.2328,-123.0655,Single Cyl,0,0,0
2013-09-30,,Severe,49.2328,-123.0488,Cyl-Ped,0,0,0
2014-08-10,,Severe,49.2328,-123.0826,Single Cyl,0,0,0
2017-11-22,12:00-14:59,Minor,49.2329,-123.0906,Cyl-Ped,0,0,0
2017-10-29,,Minor,49.2329,-123.0906,Single Cyl,0,0,0
2017-10-13,,Minor,49.2329,-123.0906,Single Cyl,0,0,0
2015-05-19,18:00-20:59,Minor,49.2329,-123.0906,Cyl-Unk,0,0,0
2013-03-16,18:00-20:59,Minor,49.2329,-123.0906,Single Cyl,0,0,0
2015-10-25,,Minor,49.233,-123.0431,Single Cyl,0,0,0
2014-09-17,0:00-2:59,Minor,49.233,-123.0431,Cyl-Ped,0,0,0
2013-11-03,,Minor,49.233,-123.0431,Single Cyl,0,0,0
2015-08-19,18:00-20:59,Minor,49.233,-123.0972,Cyl-Unk,0,0,0
2017-04-27,21:00-23:59,Minor,49.2331,-123.1015,Single Cyl,0,0,0
2016-08-28,15:00-17:59,Minor,49.2331,-123.1015,Single Cyl,0,0,0
2016-05-22,15:00-17:59,Minor,49.2331,-123.1015,Cyl-Unk,0,0,0
2016-04-14,21:00-23:59,Minor,49.2331,-123.1015,Cyl-Ped,0,0,0
2015-04-20,6:00-8:59,Minor,49.2331,-123.1015,Cyl-Unk,0,0,0
2014-08-09,21:00-23:59,Severe,49.2331,-123.1015,Single Cyl,0,0,0
2014-06-08,18:00-20:59,Minor,49.2331,-123.1015,Single Cyl,0,0,0
2015-09-29,9:00-11:59,Minor,49.2332,-123.034,Cyl-Cyl,0,0,0
2015-06-05,18:00-20:59,Minor,49.2333,-123.1094,Cyl-Unk,0,0,0
2015-01-30,21:00-23:59,Minor,49.2333,-123.1107,Single Cyl,0,0,0
2013-10-11,6:00-8:59,Minor,49.2333,-123.1107,Single Cyl,0,0,0
2013-10-11,6:00-8:59,Minor,49.2333,-123.1107,Single Cyl,0,0,0
2017-09-07,9:00-11:59,Minor,49.2335,-123.1162,Single Cyl,0,0,0
2017-09-02,9:00-11:59,Minor,49.2335,-123.1162,Cyl-Unk,0,0,0
2016-09-09,15:00-17:59,Minor,49.2335,-123.1162,Single Cyl,0,0,0
2016-01-15,6:00-8:59,Minor,49.2335,-123.1162,Cyl-Unk,0,0,0
2015-07-31,12:00-14:59,Severe,49.2335,-123.1162,Single Cyl,0,0,0
2015-05-11,,Minor,49.2335,-123.1162,Cyl-Cyl,0,0,0
2014-12-05,9:00-11:59,Minor,49.2335,-123.1162,Cyl-Unk,0,0,0
2014-11-09,15:00-17:59,Minor,49.2335,-123.1162,Cyl-Cyl,0,0,0
2013-10-08,18:00-20:59,Minor,49.2335,-123.1162,Cyl-Unk,0,0,0
2013-10-08,18:00-20:59,Minor,49.2335,-123.1162,Cyl-Unk,0,0,0
2013-07-10,21:00-23:59,Minor,49.2335,-123.1162,Cyl-Unk,0,0,0
2013-06-03,15:00-17:59,Minor,49.2335,-123.1162,Single Cyl,0,0,0
2017-05-25,,Minor,49.2337,-123.1194,Single Cyl,0,0,0
2017-05-25,,Minor,49.2337,-123.1194,Single Cyl,0,0,0
2017-01-30,15:00-17:59,Minor,49.2338,-123.1239,Cyl-Unk,0,0,0
2015-11-28,12:00-14:59,Severe,49.2338,-123.1239,Single Cyl,0,0,0
2015-08-18,6:00-8:59,Minor,49.2338,-123.1239,Cyl-Ped,0,0,0
2014-07-30,9:00-11:59,Minor,49.2338,-123.1239,Single Cyl,0,0,0
2016-02-27,12:00-14:59,Minor,49.234,-123.1281,Cyl-Unk,0,0,0
2013-08-21,,Minor,49.234,-123.1281,Single Cyl,0,0,0
2014-10-13,21:00-23:59,Minor,49.2341,-123.155,Cyl-Ped,0,0,0
2017-05-27,15:00-17:59,Minor,49.2341,-123.0259,Single Cyl,0,0,0
2017-05-27,15:00-17:59,Minor,49.2341,-123.0259,Single Cyl,0,0,0
2017-05-27,15:00-17:59,Minor,49.2342,-123.0359,Cyl-Cyl,0,0,0
2017-05-27,15:00-17:59,Minor,49.2342,-123.0359,Cyl-Cyl,0,0,0
2016-10-08,,Minor,49.2342,-123.0359,Cyl-Ped,0,0,0
2016-09-28,,Minor,49.2342,-123.0359,Single Cyl,0,0,0
2015-06-15,15:00-17:59,Minor,49.2342,-123.0359,Single Cyl,0,0,0
2013-06-01,21:00-23:59,Minor,49.2342,-123.0359,Cyl-Unk,0,0,0
2017-08-06,3:00-5:59,Minor,49.2343,-123.1396,Single Cyl,0,0,0
2016-10-30,,Minor,49.2343,-123.1396,Cyl-Unk,0,0,0
2016-08-12,,Minor,49.2343,-123.1396,Cyl-Unk,0,0,0
2016-02-08,12:00-14:59,Minor,49.2343,-123.1396,Cyl-Ped,0,0,0
2015-09-30,18:00-20:59,Severe,49.2343,-123.1396,Cyl-Unk,0,0,0
2014-02-11,,Minor,49.2343,-123.1396,Single Cyl,0,0,0
2013-10-12,15:00-17:59,Severe,49.2343,-123.1396,Single Cyl,0,0,0
2013-10-12,15:00-17:59,Severe,49.2343,-123.1396,Single Cyl,0,0,0
2013-08-20,6:00-8:59,Minor,49.2343,-123.1396,Cyl-Ped,0,0,0
2014-12-14,18:00-20:59,Severe,49.2345,-123.1506,Cyl-Ped,0,0,0
2013-11-26,6:00-8:59,Minor,49.2345,-123.152,Single Cyl,0,0,0
2014-06-26,18:00-20:59,Minor,49.2346,-123.155,Cyl-Unk,0,0,0
2017-07-02,12:00-14:59,Minor,49.2346,-123.1556,Single Cyl,0,0,0
2017-05-24,18:00-20:59,Minor,49.2347,-123.1613,Single Cyl,0,0,0
2017-05-24,18:00-20:59,Minor,49.2347,-123.1613,Single Cyl,0,0,0
2017-09-05,18:00-20:59,Minor,49.2347,-123.1674,Single Cyl,0,0,0
2013-10-13,,Minor,49.2347,-123.1674,Cyl-Unk,0,0,0
2013-10-13,,Minor,49.2347,-123.1674,Cyl-Unk,0,0,0
2014-01-31,15:00-17:59,Minor,49.2347,-123.173,Cyl-Ped,0,0,0
2013-05-07,9:00-11:59,Minor,49.2347,-123.1757,Single Cyl,0,0,0
2016-09-01,18:00-20:59,Severe,49.2348,-123.1787,Cyl-Unk,0,0,0
2016-09-12,,Minor,49.2348,-123.1897,Cyl-Unk,0,0,0
2015-06-20,6:00-8:59,Minor,49.2348,-123.1937,Single Cyl,0,0,0
2013-08-03,12:00-14:59,Minor,49.2348,-123.1967,Single Cyl,0,0,0
2014-01-08,9:00-11:59,Minor,49.2348,-123.0905,Cyl-Unk,0,0,0
2016-08-04,18:00-20:59,Minor,49.2348,-123.077,Single Cyl,0,0,0
2014-07-02,,Severe,49.2354,-123.1161,Cyl-Ped,0,0,0
2014-06-11,,Minor,49.2354,-123.1161,Cyl-Ped,0,0,0
2013-11-27,9:00-11:59,Minor,49.2354,-123.1161,Cyl-Unk,0,0,0
2016-02-23,6:00-8:59,Minor,49.2355,-123.1178,Cyl-Unk,0,0,0
2015-04-02,6:00-8:59,Severe,49.2357,-123.1853,Cyl-Unk,0,0,0
2014-06-03,,Minor,49.2358,-123.0409,Cyl-Unk,0,0,0
2017-04-22,9:00-11:59,Minor,49.2359,-123.0423,Single Cyl,0,0,0
2014-10-27,15:00-17:59,Severe,49.2359,-123.0423,Cyl-Ped,0,0,0
2016-08-22,12:00-14:59,Severe,49.2361,-123.0445,Cyl-Unk,0,0,0
2013-10-04,15:00-17:59,Minor,49.2363,-123.1395,Cyl-Ped,0,0,0
2013-10-04,15:00-17:59,Minor,49.2363,-123.1395,Cyl-Ped,0,0,0
2015-02-06,,Minor,49.2363,-123.1016,Cyl-Ped,0,0,0
2013-05-24,,Minor,49.2364,-123.0459,Cyl-Cyl,0,0,0
2017-03-12,,Minor,49.2367,-123.128,Cyl-Unk,0,0,0
2016-07-28,18:00-20:59,Minor,49.2367,-123.128,Single Cyl,0,0,0
2015-06-09,9:00-11:59,Severe,49.2367,-123.128,Single Cyl,0,0,0
2015-09-03,15:00-17:59,Minor,49.2369,-123.0769,Cyl-Unk,0,0,0
2015-05-10,,Severe,49.237,-123.0904,Cyl-Unk,0,0,0
2017-10-15,9:00-11:59,Minor,49.2372,-123.116,Single Cyl,0,0,0
2014-02-15,21:00-23:59,Minor,49.2375,-123.0654,Cyl-Unk,0,0,0
2013-08-13,18:00-20:59,Minor,49.2376,-123.0488,Single Cyl,0,0,0
2014-11-04,12:00-14:59,Minor,49.2377,-123.1279,Single Cyl,0,0,0
2017-09-28,6:00-8:59,Minor,49.2381,-123.1395,Cyl-Cyl,0,0,0
2017-10-21,15:00-17:59,Minor,49.2388,-123.0395,Cyl-Unk,0,0,0
2016-03-28,,Minor,49.2388,-123.0395,Single Cyl,0,0,0
2016-05-13,12:00-14:59,Severe,49.2389,-123.0554,Single Cyl,0,0,0
2016-12-29,21:00-23:59,Minor,49.2391,-123.1167,Single Cyl,0,0,0
2016-09-09,,Minor,49.2396,-123.0531,Cyl-Unk,0,0,0
2017-01-23,3:00-5:59,Minor,49.2398,-123.0764,Single Cyl,0,0,0
2017-10-31,21:00-23:59,Minor,49.24,-123.054,Cyl-Unk,0,0,0
2016-08-20,,Minor,49.24,-123.054,Single Cyl,0,0,0
2014-07-08,18:00-20:59,Minor,49.24,-123.054,Single Cyl,0,0,0
2013-10-07,15:00-17:59,Minor,49.24,-123.054,Cyl-Ped,0,0,0
2013-10-07,15:00-17:59,Minor,49.24,-123.054,Cyl-Ped,0,0,0
2013-07-27,15:00-17:59,Minor,49.24,-123.054,Single Cyl,0,0,0
2015-08-16,18:00-20:59,Minor,49.24,-123.0653,Cyl-Unk,0,0,0
2014-06-17,6:00-8:59,Minor,49.24,-123.0653,Single Cyl,0,0,0
2016-09-13,9:00-11:59,Minor,49.2401,-123.0666,Cyl-Cyl,0,0,0
2017-04-21,18:00-20:59,Minor,49.2402,-123.0764,Single Cyl,0,0,0
2016-02-19,,Minor,49.2402,-123.0764,Cyl-Ped,0,0,0
2015-07-28,15:00-17:59,Minor,49.2402,-123.0764,Cyl-Cyl,0,0,0
2014-07-07,15:00-17:59,Severe,49.2402,-123.0764,Cyl-Cyl,0,0,0
2014-01-10,,Minor,49.2402,-123.0764,Cyl-Cyl,0,0,0
2013-05-06,12:00-14:59,Minor,49.2402,-123.0764,Single Cyl,0,0,0
2013-02-02,,Minor,49.2403,-123.0828,Single Cyl,0,0,0
2015-06-24,0:00-2:59,Severe,49.2403,-123.086,Cyl-Cyl,0,0,0
2015-06-05,,Minor,49.2403,-123.088,Single Cyl,0,0,0
2016-09-10,12:00-14:59,Minor,49.2403,-123.0903,Cyl-Unk,0,0,0
2013-04-27,12:00-14:59,Minor,49.2403,-123.0903,Cyl-Unk,0,0,0
2014-06-28,18:00-20:59,Minor,49.2407,-123.0377,Single Cyl,0,0,0
2013-11-02,,Minor,49.2407,-123.0377,Single Cyl,0,0,0
2013-07-14,15:00-17:59,Minor,49.2407,-123.0377,Single Cyl,0,0,0
2013-06-01,18:00-20:59,Minor,49.2407,-123.0377,Single Cyl,0,0,0
2017-11-10,18:00-20:59,Minor,49.2411,-123.1184,Single Cyl,0,0,0
2017-09-16,12:00-14:59,Severe,49.2411,-123.1184,Cyl-Unk,0,0,0
2016-03-21,18:00-20:59,Minor,49.2411,-123.1184,Cyl-Unk,0,0,0
2013-10-27,,Minor,49.2411,-123.1184,Single Cyl,0,0,0
2013-10-27,,Minor,49.2411,-123.1184,Single Cyl,0,0,0
2017-11-25,12:00-14:59,Minor,49.2414,-123.1278,Mot-Cyl,0,0,0
2015-07-15,21:00-23:59,Minor,49.2414,-123.1278,Single Cyl,0,0,0
2015-04-18,9:00-11:59,Minor,49.2414,-123.1278,Single Cyl,0,0,0
2015-04-03,21:00-23:59,Minor,49.2414,-123.1278,Single Cyl,0,0,0
2017-08-13,18:00-20:59,Minor,49.2419,-123.1393,Single Cyl,0,0,0
2014-10-17,21:00-23:59,Minor,49.2419,-123.1393,Cyl-Unk,0,0,0
2017-11-29,15:00-17:59,Minor,49.2419,-123.0581,Cyl-Ped,0,0,0
2017-07-28,,Minor,49.2419,-123.0581,Single Cyl,0,0,0
2013-11-13,9:00-11:59,Minor,49.2419,-123.0581,Cyl-Unk,0,0,0
2015-05-11,,Minor,49.2422,-123.0666,Single Cyl,0,0,0
2017-07-01,9:00-11:59,Severe,49.2424,-123.1853,Single Cyl,0,0,0
2016-08-02,3:00-5:59,Severe,49.2427,-123.06,Single Cyl,0,0,0
2017-07-03,15:00-17:59,Minor,49.243,-123.0763,Cyl-Cyl,0,0,0
2014-10-01,6:00-8:59,Minor,49.243,-123.0763,Single Cyl,0,0,0
2017-08-05,15:00-17:59,Minor,49.2436,-123.0618,Cyl-Unk,0,0,0
2013-11-13,,Minor,49.2436,-123.0618,Cyl-Unk,0,0,0
2016-01-02,15:00-17:59,Severe,49.2436,-123.0735,Cyl-Cyl,0,0,0
2017-09-15,15:00-17:59,Severe,49.2436,-123.1393,Single Cyl,0,0,0
2016-09-20,12:00-14:59,Severe,49.244,-123.0567,Cyl-Unk,0,0,0
2015-05-09,9:00-11:59,Minor,49.244,-123.0567,Single Cyl,0,0,0
2015-06-22,15:00-17:59,Minor,49.2445,-123.0637,Cyl-Cyl,0,0,0
2013-09-09,21:00-23:59,Minor,49.2445,-123.0238,Cyl-Cyl,0,0,0
2016-05-22,21:00-23:59,Minor,49.2446,-123.034,Cyl-Unk,0,0,0
2015-08-13,9:00-11:59,Minor,49.2446,-123.034,Single Cyl,0,0,0
2013-08-11,9:00-11:59,Minor,49.2446,-123.034,Single Cyl,0,0,0
2015-02-20,12:00-14:59,Minor,49.2452,-123.0652,Cyl-Ped,0,0,0
2015-02-07,,Minor,49.2452,-123.0652,Single Cyl,0,0,0
2014-01-05,,Severe,49.2452,-123.1852,Single Cyl,0,0,0
2017-08-28,,Minor,49.2455,-123.0496,Cyl-Cyl,0,0,0
2016-07-29,9:00-11:59,Minor,49.2461,-123.1786,Single Cyl,0,0,0
2015-05-31,12:00-14:59,Minor,49.2462,-123.1852,Single Cyl,0,0,0
2014-07-17,18:00-20:59,Severe,49.2462,-123.07,Cyl-Cyl,0,0,0
2014-01-02,21:00-23:59,Severe,49.2463,-123.0338,Cyl-Ped,0,0,0
2015-05-13,15:00-17:59,Minor,49.2468,-123.0686,Cyl-Unk,0,0,0
2017-05-28,15:00-17:59,Minor,49.2476,-123.0627,Single Cyl,0,0,0
2017-05-28,15:00-17:59,Minor,49.2476,-123.0627,Single Cyl,0,0,0
2015-06-20,18:00-20:59,Minor,49.2479,-123.2022,Single Cyl,0,0,0
2015-05-18,,Minor,49.248,-123.1786,Single Cyl,0,0,0
2017-07-17,3:00-5:59,Minor,49.2488,-123.0338,Cyl-Unk,0,0,0
2017-03-28,15:00-17:59,Minor,49.2488,-123.0522,Cyl-Ped,0,0,0
2014-08-11,,Minor,49.25,-123.1786,Single Cyl,0,0,0
2013-01-21,6:00-8:59,Minor,49.2515,-123.0237,Single Cyl,0,0,0
2014-04-07,15:00-17:59,Minor,49.2536,-123.0496,Cyl-Ped,0,0,0
2016-03-05,12:00-14:59,Minor,49.2541,-123.0534,Single Cyl,0,0,0
2015-07-06,,Minor,49.2541,-123.0522,Single Cyl,0,0,0
2016-05-06,21:00-23:59,Minor,49.2551,-123.1758,Single Cyl,0,0,0
2017-08-14,12:00-14:59,Severe,49.2578,-123.1781,Cyl-Cyl,0,0,0
2017-08-09,,Minor,49.2578,-123.1781,Cyl-Unk,0,0,0
2016-06-13,9:00-11:59,Minor,49.2581,-123.0285,Cyl-Unk,0,0,0
2016-07-29,18:00-20:59,Minor,49.2582,-123.0338,Cyl-Unk,0,0,0
2016-01-21,,Minor,49.2582,-123.0443,Cyl-Ped,0,0,0
2015-05-27,,Minor,49.2582,-123.0443,Single Cyl,0,0,0
2013-08-26,15:00-17:59,Minor,49.2612,-123.186,Cyl-Ped,0,0,0
2015-12-22,,Minor,49.2619,-123.0338,Mot-Cyl,0,0,0
2015-06-08,6:00-8:59,Minor,49.2619,-123.0338,Cyl-Unk,0,0,0
2013-08-26,12:00-14:59,Minor,49.2619,-123.0338,Cyl-Cyl,0,0,0
2014-05-26,,Minor,49.2619,-123.0378,Single Cyl,0,0,0
2016-06-08,6:00-8:59,Minor,49.2619,-123.039,Single Cyl,0,0,0
2013-05-24,18:00-20:59,Minor,49.2619,-123.0416,Single Cyl,0,0,0
2015-07-04,15:00-17:59,Minor,49.262,-123.0443,Cyl-Unk,0,0,0
2013-11-17,9:00-11:59,Minor,49.262,-123.0443,Cyl-Unk,0,0,0
2015-08-18,18:00-20:59,Minor,49.262,-123.0496,Single Cyl,0,0,0
2017-08-22,15:00-17:59,Minor,49.2634,-123.1809,Single Cyl,0,0,0
2014-06-12,12:00-14:59,Minor,49.2634,-123.1809,Single Cyl,0,0,0
2013-05-07,21:00-23:59,Minor,49.2636,-123.1939,Single Cyl,0,0,0
2013-05-10,6:00-8:59,Minor,49.2639,-123.2106,Single Cyl,0,0,0
2013-01-26,0:00-2:59,Severe,49.2639,-123.2152,Cyl-Ped,0,0,0
2017-07-28,21:00-23:59,Minor,49.2653,-123.1907,Single Cyl,0,0,0
2015-02-10,15:00-17:59,Minor,49.2656,-123.2106,Cyl-Unk,0,0,0
2013-08-22,0:00-2:59,Minor,49.2661,-123.1877,Cyl-Unk,0,0,0
2014-04-21,,Severe,49.2686,-123.1857,Single Cyl,0,0,0
2017-05-29,,Severe,49.2689,-123.2014,Cyl-Cyl,0,0,0
2013-08-18,15:00-17:59,Severe,49.269,-123.2196,Cyl-Unk,0,0,0
2014-02-09,18:00-20:59,Minor,49.269,-123.2059,Cyl-Unk,0,0,0
2015-08-12,,Minor,49.2691,-123.212,Single Cyl,0,0,0
2013-05-18,18:00-20:59,Minor,49.2695,-123.0236,Cyl-Ped,0,0,0
2015-04-16,9:00-11:59,Minor,49.2695,-123.0337,Single Cyl,0,0,0
2014-09-27,,Minor,49.2695,-123.0337,Cyl-Cyl,0,0,0
2014-08-28,,Minor,49.2695,-123.0337,Single Cyl,0,0,0
2015-05-25,9:00-11:59,Minor,49.2695,-123.0364,Cyl-Unk,0,0,0
2016-06-21,0:00-2:59,Minor,49.2695,-123.0415,Single Cyl,0,0,0
2016-08-04,,Minor,49.2695,-123.1836,Single Cyl,0,0,0
2013-09-04,15:00-17:59,Minor,49.2695,-123.0469,Cyl-Unk,0,0,0
2013-09-04,15:00-17:59,Minor,49.2695,-123.0469,Cyl-Unk,0,0,0
2016-07-26,21:00-23:59,Severe,49.2701,-123.2058,Cyl-Ped,0,0,0
2015-08-11,18:00-20:59,Severe,49.2723,-123.1856,Cyl-Cyl,0,0,0
2013-04-13,12:00-14:59,Minor,49.2723,-123.1856,Cyl-Cyl,0,0,0
2013-08-10,,Minor,49.2723,-123.0455,Cyl-Cyl,0,0,0
2014-01-31,21:00-23:59,Minor,49.2733,-123.0494,Single Cyl,0,0,0
2013-06-27,12:00-14:59,Minor,49.2736,-123.2057,Cyl-Unk,0,0,0
2016-09-04,15:00-17:59,Minor,49.2766,-123.0441,Single Cyl,0,0,0
2016-06-27,,Minor,49.2775,-123.0441,Cyl-Ped,0,0,0
2017-05-22,,Minor,49.2811,-123.0236,Cyl-Ped,0,0,0
2017-05-22,,Minor,49.2811,-123.0236,Cyl-Ped,0,0,0
2016-07-16,0:00-2:59,Severe,49.2811,-123.0493,Single Cyl,0,0,0
2016-06-20,,Minor,49.2811,-123.0493,Single Cyl,0,0,0
2016-05-18,15:00-17:59,Minor,49.2811,-123.0493,Cyl-Ped,0,0,0
2015-03-09,18:00-20:59,Minor,49.2811,-123.0493,Single Cyl,0,0,0
2015-05-29,6:00-8:59,Minor,49.2848,-123.0235,Cyl-Unk,0,0,0
2013-03-10,9:00-11:59,Minor,49.2887,-123.0283,Cyl-Unk,0,0,0
2016-07-20,,Minor,49.2969,-123.0263,Cyl-Unk,0,0,0
2017-09-08,18:00-20:59,Minor,49.3156,-123.1383,Cyl-Unk,0,0,0
2017-05-07,9:00-11:59,Severe,49.3156,-123.1383,Single Cyl,0,0,0
2017-05-07,9:00-11:59,Severe,49.3156,-123.1383,Single Cyl,0,0,0
2015-06-16,21:00-23:59,Severe,49.3156,-123.1383,Cyl-Unk,0,0,0
2014-11-14,12:00-14:59,Minor,49.3156,-123.1383,Single Cyl,0,0,0
2014-08-12,12:00-14:59,Minor,49.3156,-123.1383,Single Cyl,0,0,0
2014-07-11,15:00-17:59,Minor,49.3156,-123.1383,Cyl-Unk,0,0,0
2013-07-04,18:00-20:59,Minor,49.3156,-123.1383,Single Cyl,0,0,0